from,to,"ver[el[, 1], ]","ver2[el[, 2], ]"
1,2,Madden LV,Piepho HP
1,3,Madden LV,Paul PA
2,3,Piepho HP,Paul PA
4,5,Machado FJ,Santana FM
4,6,Machado FJ,Lau D
4,7,Machado FJ,Del Ponte EM
5,6,Santana FM,Lau D
5,7,Santana FM,Del Ponte EM
6,7,Lau D,Del Ponte EM
3,8,Paul PA,Dalla Lana F
8,9,Dalla Lana F,Godoy CV
8,10,Dalla Lana F,Utiamada CM
8,11,Dalla Lana F,da Silva LHCP
8,12,Dalla Lana F,Siqueri FV
8,13,Dalla Lana F,Forcelini CA
8,14,Dalla Lana F,Jaccoud-Filho DS
8,15,Dalla Lana F,Miguel-Wruck DS
8,16,Dalla Lana F,Borges EP
8,17,Dalla Lana F,Juliatti FC
8,18,Dalla Lana F,Campos HD
8,19,Dalla Lana F,Nunes J
8,20,Dalla Lana F,Carneiro LC
8,21,Dalla Lana F,Canteri MG
8,22,Dalla Lana F,Ito MF
8,23,Dalla Lana F,Meyer MC
8,24,Dalla Lana F,Martins MC
8,25,Dalla Lana F,Balardin RS
8,26,Dalla Lana F,Furlan SH
8,27,Dalla Lana F,Carlin VJ
7,8,Del Ponte EM,Dalla Lana F
3,9,Paul PA,Godoy CV
3,10,Paul PA,Utiamada CM
3,11,Paul PA,da Silva LHCP
3,12,Paul PA,Siqueri FV
3,13,Paul PA,Forcelini CA
3,14,Paul PA,Jaccoud-Filho DS
3,15,Paul PA,Miguel-Wruck DS
3,16,Paul PA,Borges EP
3,17,Paul PA,Juliatti FC
3,18,Paul PA,Campos HD
3,19,Paul PA,Nunes J
3,20,Paul PA,Carneiro LC
3,21,Paul PA,Canteri MG
3,22,Paul PA,Ito MF
3,23,Paul PA,Meyer MC
3,24,Paul PA,Martins MC
3,25,Paul PA,Balardin RS
3,26,Paul PA,Furlan SH
3,27,Paul PA,Carlin VJ
3,7,Paul PA,Del Ponte EM
9,10,Godoy CV,Utiamada CM
9,11,Godoy CV,da Silva LHCP
9,12,Godoy CV,Siqueri FV
9,13,Godoy CV,Forcelini CA
9,14,Godoy CV,Jaccoud-Filho DS
9,15,Godoy CV,Miguel-Wruck DS
9,16,Godoy CV,Borges EP
9,17,Godoy CV,Juliatti FC
9,18,Godoy CV,Campos HD
9,19,Godoy CV,Nunes J
9,20,Godoy CV,Carneiro LC
9,21,Godoy CV,Canteri MG
9,22,Godoy CV,Ito MF
9,23,Godoy CV,Meyer MC
9,24,Godoy CV,Martins MC
9,25,Godoy CV,Balardin RS
9,26,Godoy CV,Furlan SH
9,27,Godoy CV,Carlin VJ
7,9,Del Ponte EM,Godoy CV
10,11,Utiamada CM,da Silva LHCP
10,12,Utiamada CM,Siqueri FV
10,13,Utiamada CM,Forcelini CA
10,14,Utiamada CM,Jaccoud-Filho DS
10,15,Utiamada CM,Miguel-Wruck DS
10,16,Utiamada CM,Borges EP
10,17,Utiamada CM,Juliatti FC
10,18,Utiamada CM,Campos HD
10,19,Utiamada CM,Nunes J
10,20,Utiamada CM,Carneiro LC
10,21,Utiamada CM,Canteri MG
10,22,Utiamada CM,Ito MF
10,23,Utiamada CM,Meyer MC
10,24,Utiamada CM,Martins MC
10,25,Utiamada CM,Balardin RS
10,26,Utiamada CM,Furlan SH
10,27,Utiamada CM,Carlin VJ
7,10,Del Ponte EM,Utiamada CM
11,12,da Silva LHCP,Siqueri FV
11,13,da Silva LHCP,Forcelini CA
11,14,da Silva LHCP,Jaccoud-Filho DS
11,15,da Silva LHCP,Miguel-Wruck DS
11,16,da Silva LHCP,Borges EP
11,17,da Silva LHCP,Juliatti FC
11,18,da Silva LHCP,Campos HD
11,19,da Silva LHCP,Nunes J
11,20,da Silva LHCP,Carneiro LC
11,21,da Silva LHCP,Canteri MG
11,22,da Silva LHCP,Ito MF
11,23,da Silva LHCP,Meyer MC
11,24,da Silva LHCP,Martins MC
11,25,da Silva LHCP,Balardin RS
11,26,da Silva LHCP,Furlan SH
11,27,da Silva LHCP,Carlin VJ
7,11,Del Ponte EM,da Silva LHCP
12,13,Siqueri FV,Forcelini CA
12,14,Siqueri FV,Jaccoud-Filho DS
12,15,Siqueri FV,Miguel-Wruck DS
12,16,Siqueri FV,Borges EP
12,17,Siqueri FV,Juliatti FC
12,18,Siqueri FV,Campos HD
12,19,Siqueri FV,Nunes J
12,20,Siqueri FV,Carneiro LC
12,21,Siqueri FV,Canteri MG
12,22,Siqueri FV,Ito MF
12,23,Siqueri FV,Meyer MC
12,24,Siqueri FV,Martins MC
12,25,Siqueri FV,Balardin RS
12,26,Siqueri FV,Furlan SH
12,27,Siqueri FV,Carlin VJ
7,12,Del Ponte EM,Siqueri FV
13,14,Forcelini CA,Jaccoud-Filho DS
13,15,Forcelini CA,Miguel-Wruck DS
13,16,Forcelini CA,Borges EP
13,17,Forcelini CA,Juliatti FC
13,18,Forcelini CA,Campos HD
13,19,Forcelini CA,Nunes J
13,20,Forcelini CA,Carneiro LC
13,21,Forcelini CA,Canteri MG
13,22,Forcelini CA,Ito MF
13,23,Forcelini CA,Meyer MC
13,24,Forcelini CA,Martins MC
13,25,Forcelini CA,Balardin RS
13,26,Forcelini CA,Furlan SH
13,27,Forcelini CA,Carlin VJ
7,13,Del Ponte EM,Forcelini CA
14,15,Jaccoud-Filho DS,Miguel-Wruck DS
14,16,Jaccoud-Filho DS,Borges EP
14,17,Jaccoud-Filho DS,Juliatti FC
14,18,Jaccoud-Filho DS,Campos HD
14,19,Jaccoud-Filho DS,Nunes J
14,20,Jaccoud-Filho DS,Carneiro LC
14,21,Jaccoud-Filho DS,Canteri MG
14,22,Jaccoud-Filho DS,Ito MF
14,23,Jaccoud-Filho DS,Meyer MC
14,24,Jaccoud-Filho DS,Martins MC
14,25,Jaccoud-Filho DS,Balardin RS
14,26,Jaccoud-Filho DS,Furlan SH
14,27,Jaccoud-Filho DS,Carlin VJ
7,14,Del Ponte EM,Jaccoud-Filho DS
15,16,Miguel-Wruck DS,Borges EP
15,17,Miguel-Wruck DS,Juliatti FC
15,18,Miguel-Wruck DS,Campos HD
15,19,Miguel-Wruck DS,Nunes J
15,20,Miguel-Wruck DS,Carneiro LC
15,21,Miguel-Wruck DS,Canteri MG
15,22,Miguel-Wruck DS,Ito MF
15,23,Miguel-Wruck DS,Meyer MC
15,24,Miguel-Wruck DS,Martins MC
15,25,Miguel-Wruck DS,Balardin RS
15,26,Miguel-Wruck DS,Furlan SH
15,27,Miguel-Wruck DS,Carlin VJ
7,15,Del Ponte EM,Miguel-Wruck DS
16,17,Borges EP,Juliatti FC
16,18,Borges EP,Campos HD
16,19,Borges EP,Nunes J
16,20,Borges EP,Carneiro LC
16,21,Borges EP,Canteri MG
16,22,Borges EP,Ito MF
16,23,Borges EP,Meyer MC
16,24,Borges EP,Martins MC
16,25,Borges EP,Balardin RS
16,26,Borges EP,Furlan SH
16,27,Borges EP,Carlin VJ
7,16,Del Ponte EM,Borges EP
17,18,Juliatti FC,Campos HD
17,19,Juliatti FC,Nunes J
17,20,Juliatti FC,Carneiro LC
17,21,Juliatti FC,Canteri MG
17,22,Juliatti FC,Ito MF
17,23,Juliatti FC,Meyer MC
17,24,Juliatti FC,Martins MC
17,25,Juliatti FC,Balardin RS
17,26,Juliatti FC,Furlan SH
17,27,Juliatti FC,Carlin VJ
7,17,Del Ponte EM,Juliatti FC
18,19,Campos HD,Nunes J
18,20,Campos HD,Carneiro LC
18,21,Campos HD,Canteri MG
18,22,Campos HD,Ito MF
18,23,Campos HD,Meyer MC
18,24,Campos HD,Martins MC
18,25,Campos HD,Balardin RS
18,26,Campos HD,Furlan SH
18,27,Campos HD,Carlin VJ
7,18,Del Ponte EM,Campos HD
19,20,Nunes J,Carneiro LC
19,21,Nunes J,Canteri MG
19,22,Nunes J,Ito MF
19,23,Nunes J,Meyer MC
19,24,Nunes J,Martins MC
19,25,Nunes J,Balardin RS
19,26,Nunes J,Furlan SH
19,27,Nunes J,Carlin VJ
7,19,Del Ponte EM,Nunes J
20,21,Carneiro LC,Canteri MG
20,22,Carneiro LC,Ito MF
20,23,Carneiro LC,Meyer MC
20,24,Carneiro LC,Martins MC
20,25,Carneiro LC,Balardin RS
20,26,Carneiro LC,Furlan SH
20,27,Carneiro LC,Carlin VJ
7,20,Del Ponte EM,Carneiro LC
21,22,Canteri MG,Ito MF
21,23,Canteri MG,Meyer MC
21,24,Canteri MG,Martins MC
21,25,Canteri MG,Balardin RS
21,26,Canteri MG,Furlan SH
21,27,Canteri MG,Carlin VJ
7,21,Del Ponte EM,Canteri MG
22,23,Ito MF,Meyer MC
22,24,Ito MF,Martins MC
22,25,Ito MF,Balardin RS
22,26,Ito MF,Furlan SH
22,27,Ito MF,Carlin VJ
7,22,Del Ponte EM,Ito MF
23,24,Meyer MC,Martins MC
23,25,Meyer MC,Balardin RS
23,26,Meyer MC,Furlan SH
23,27,Meyer MC,Carlin VJ
7,23,Del Ponte EM,Meyer MC
24,25,Martins MC,Balardin RS
24,26,Martins MC,Furlan SH
24,27,Martins MC,Carlin VJ
7,24,Del Ponte EM,Martins MC
25,26,Balardin RS,Furlan SH
25,27,Balardin RS,Carlin VJ
7,25,Del Ponte EM,Balardin RS
26,27,Furlan SH,Carlin VJ
7,26,Del Ponte EM,Furlan SH
7,27,Del Ponte EM,Carlin VJ
28,29,Scherm H,Christiano RSC
28,30,Scherm H,Esker PD
7,28,Del Ponte EM,Scherm H
9,28,Godoy CV,Scherm H
29,30,Christiano RSC,Esker PD
7,29,Del Ponte EM,Christiano RSC
9,29,Godoy CV,Christiano RSC
7,30,Del Ponte EM,Esker PD
9,30,Godoy CV,Esker PD
7,9,Del Ponte EM,Godoy CV
3,31,Paul PA,Bradley CA
1,3,Madden LV,Paul PA
3,8,Paul PA,Dalla Lana F
3,32,Paul PA,Bergstrom GC
3,33,Paul PA,Dill-Macky R
3,34,Paul PA,Wise KA
3,30,Paul PA,Esker PD
3,35,Paul PA,McMullen M
3,36,Paul PA,Grybauskas A
3,37,Paul PA,Kirk WW
3,38,Paul PA,Milus E
3,39,Paul PA,Ruden K
1,31,Madden LV,Bradley CA
8,31,Dalla Lana F,Bradley CA
31,32,Bradley CA,Bergstrom GC
31,33,Bradley CA,Dill-Macky R
31,34,Bradley CA,Wise KA
30,31,Esker PD,Bradley CA
31,35,Bradley CA,McMullen M
31,36,Bradley CA,Grybauskas A
31,37,Bradley CA,Kirk WW
31,38,Bradley CA,Milus E
31,39,Bradley CA,Ruden K
1,8,Madden LV,Dalla Lana F
1,32,Madden LV,Bergstrom GC
1,33,Madden LV,Dill-Macky R
1,34,Madden LV,Wise KA
1,30,Madden LV,Esker PD
1,35,Madden LV,McMullen M
1,36,Madden LV,Grybauskas A
1,37,Madden LV,Kirk WW
1,38,Madden LV,Milus E
1,39,Madden LV,Ruden K
8,32,Dalla Lana F,Bergstrom GC
8,33,Dalla Lana F,Dill-Macky R
8,34,Dalla Lana F,Wise KA
8,30,Dalla Lana F,Esker PD
8,35,Dalla Lana F,McMullen M
8,36,Dalla Lana F,Grybauskas A
8,37,Dalla Lana F,Kirk WW
8,38,Dalla Lana F,Milus E
8,39,Dalla Lana F,Ruden K
32,33,Bergstrom GC,Dill-Macky R
32,34,Bergstrom GC,Wise KA
30,32,Esker PD,Bergstrom GC
32,35,Bergstrom GC,McMullen M
32,36,Bergstrom GC,Grybauskas A
32,37,Bergstrom GC,Kirk WW
32,38,Bergstrom GC,Milus E
32,39,Bergstrom GC,Ruden K
33,34,Dill-Macky R,Wise KA
30,33,Esker PD,Dill-Macky R
33,35,Dill-Macky R,McMullen M
33,36,Dill-Macky R,Grybauskas A
33,37,Dill-Macky R,Kirk WW
33,38,Dill-Macky R,Milus E
33,39,Dill-Macky R,Ruden K
30,34,Esker PD,Wise KA
34,35,Wise KA,McMullen M
34,36,Wise KA,Grybauskas A
34,37,Wise KA,Kirk WW
34,38,Wise KA,Milus E
34,39,Wise KA,Ruden K
30,35,Esker PD,McMullen M
30,36,Esker PD,Grybauskas A
30,37,Esker PD,Kirk WW
30,38,Esker PD,Milus E
30,39,Esker PD,Ruden K
35,36,McMullen M,Grybauskas A
35,37,McMullen M,Kirk WW
35,38,McMullen M,Milus E
35,39,McMullen M,Ruden K
36,37,Grybauskas A,Kirk WW
36,38,Grybauskas A,Milus E
36,39,Grybauskas A,Ruden K
37,38,Kirk WW,Milus E
37,39,Kirk WW,Ruden K
38,39,Milus E,Ruden K
8,40,Dalla Lana F,Ziegelmann PK
8,41,Dalla Lana F,Maia AHN
8,9,Dalla Lana F,Godoy CV
7,8,Del Ponte EM,Dalla Lana F
40,41,Ziegelmann PK,Maia AHN
9,40,Godoy CV,Ziegelmann PK
7,40,Del Ponte EM,Ziegelmann PK
9,41,Godoy CV,Maia AHN
7,41,Del Ponte EM,Maia AHN
7,9,Del Ponte EM,Godoy CV
42,43,Willbur JF,Mitchell PD
42,44,Willbur JF,Fall ML
42,45,Willbur JF,Byrne AM
42,46,Willbur JF,Chapman SA
42,47,Willbur JF,Floyd CM
31,42,Bradley CA,Willbur JF
42,48,Willbur JF,Ames KA
42,49,Willbur JF,Chilvers MI
42,50,Willbur JF,Kleczewski NM
42,51,Willbur JF,Malvick DK
42,52,Willbur JF,Mueller BD
42,53,Willbur JF,Mueller DS
42,54,Willbur JF,Kabbage M
42,55,Willbur JF,Conley SP
42,56,Willbur JF,Smith DL
43,44,Mitchell PD,Fall ML
43,45,Mitchell PD,Byrne AM
43,46,Mitchell PD,Chapman SA
43,47,Mitchell PD,Floyd CM
31,43,Bradley CA,Mitchell PD
43,48,Mitchell PD,Ames KA
43,49,Mitchell PD,Chilvers MI
43,50,Mitchell PD,Kleczewski NM
43,51,Mitchell PD,Malvick DK
43,52,Mitchell PD,Mueller BD
43,53,Mitchell PD,Mueller DS
43,54,Mitchell PD,Kabbage M
43,55,Mitchell PD,Conley SP
43,56,Mitchell PD,Smith DL
44,45,Fall ML,Byrne AM
44,46,Fall ML,Chapman SA
44,47,Fall ML,Floyd CM
31,44,Bradley CA,Fall ML
44,48,Fall ML,Ames KA
44,49,Fall ML,Chilvers MI
44,50,Fall ML,Kleczewski NM
44,51,Fall ML,Malvick DK
44,52,Fall ML,Mueller BD
44,53,Fall ML,Mueller DS
44,54,Fall ML,Kabbage M
44,55,Fall ML,Conley SP
44,56,Fall ML,Smith DL
45,46,Byrne AM,Chapman SA
45,47,Byrne AM,Floyd CM
31,45,Bradley CA,Byrne AM
45,48,Byrne AM,Ames KA
45,49,Byrne AM,Chilvers MI
45,50,Byrne AM,Kleczewski NM
45,51,Byrne AM,Malvick DK
45,52,Byrne AM,Mueller BD
45,53,Byrne AM,Mueller DS
45,54,Byrne AM,Kabbage M
45,55,Byrne AM,Conley SP
45,56,Byrne AM,Smith DL
46,47,Chapman SA,Floyd CM
31,46,Bradley CA,Chapman SA
46,48,Chapman SA,Ames KA
46,49,Chapman SA,Chilvers MI
46,50,Chapman SA,Kleczewski NM
46,51,Chapman SA,Malvick DK
46,52,Chapman SA,Mueller BD
46,53,Chapman SA,Mueller DS
46,54,Chapman SA,Kabbage M
46,55,Chapman SA,Conley SP
46,56,Chapman SA,Smith DL
31,47,Bradley CA,Floyd CM
47,48,Floyd CM,Ames KA
47,49,Floyd CM,Chilvers MI
47,50,Floyd CM,Kleczewski NM
47,51,Floyd CM,Malvick DK
47,52,Floyd CM,Mueller BD
47,53,Floyd CM,Mueller DS
47,54,Floyd CM,Kabbage M
47,55,Floyd CM,Conley SP
47,56,Floyd CM,Smith DL
31,48,Bradley CA,Ames KA
31,49,Bradley CA,Chilvers MI
31,50,Bradley CA,Kleczewski NM
31,51,Bradley CA,Malvick DK
31,52,Bradley CA,Mueller BD
31,53,Bradley CA,Mueller DS
31,54,Bradley CA,Kabbage M
31,55,Bradley CA,Conley SP
31,56,Bradley CA,Smith DL
48,49,Ames KA,Chilvers MI
48,50,Ames KA,Kleczewski NM
48,51,Ames KA,Malvick DK
48,52,Ames KA,Mueller BD
48,53,Ames KA,Mueller DS
48,54,Ames KA,Kabbage M
48,55,Ames KA,Conley SP
48,56,Ames KA,Smith DL
49,50,Chilvers MI,Kleczewski NM
49,51,Chilvers MI,Malvick DK
49,52,Chilvers MI,Mueller BD
49,53,Chilvers MI,Mueller DS
49,54,Chilvers MI,Kabbage M
49,55,Chilvers MI,Conley SP
49,56,Chilvers MI,Smith DL
50,51,Kleczewski NM,Malvick DK
50,52,Kleczewski NM,Mueller BD
50,53,Kleczewski NM,Mueller DS
50,54,Kleczewski NM,Kabbage M
50,55,Kleczewski NM,Conley SP
50,56,Kleczewski NM,Smith DL
51,52,Malvick DK,Mueller BD
51,53,Malvick DK,Mueller DS
51,54,Malvick DK,Kabbage M
51,55,Malvick DK,Conley SP
51,56,Malvick DK,Smith DL
52,53,Mueller BD,Mueller DS
52,54,Mueller BD,Kabbage M
52,55,Mueller BD,Conley SP
52,56,Mueller BD,Smith DL
53,54,Mueller DS,Kabbage M
53,55,Mueller DS,Conley SP
53,56,Mueller DS,Smith DL
54,55,Kabbage M,Conley SP
54,56,Kabbage M,Smith DL
55,56,Conley SP,Smith DL
57,58,Delaney M,ArchMiller AA
57,59,Delaney M,Delaney DP
57,60,Delaney M,Wilson AE
57,61,Delaney M,Sikora EJ
58,59,ArchMiller AA,Delaney DP
58,60,ArchMiller AA,Wilson AE
58,61,ArchMiller AA,Sikora EJ
59,60,Delaney DP,Wilson AE
59,61,Delaney DP,Sikora EJ
60,61,Wilson AE,Sikora EJ
23,62,Meyer MC,Barro JP
9,62,Godoy CV,Barro JP
62,63,Barro JP,Dias AR
10,62,Utiamada CM,Barro JP
14,62,Jaccoud-Filho DS,Barro JP
15,62,Miguel-Wruck DS,Barro JP
16,62,Borges EP,Barro JP
12,62,Siqueri FV,Barro JP
17,62,Juliatti FC,Barro JP
18,62,Campos HD,Barro JP
19,62,Nunes J,Barro JP
20,62,Carneiro LC,Barro JP
11,62,da Silva LHCP,Barro JP
24,62,Martins MC,Barro JP
25,62,Balardin RS,Barro JP
62,64,Barro JP,Zito RK
26,62,Furlan SH,Barro JP
62,65,Barro JP,Venancio WS
7,62,Del Ponte EM,Barro JP
9,23,Godoy CV,Meyer MC
23,63,Meyer MC,Dias AR
10,23,Utiamada CM,Meyer MC
14,23,Jaccoud-Filho DS,Meyer MC
15,23,Miguel-Wruck DS,Meyer MC
16,23,Borges EP,Meyer MC
12,23,Siqueri FV,Meyer MC
17,23,Juliatti FC,Meyer MC
18,23,Campos HD,Meyer MC
19,23,Nunes J,Meyer MC
20,23,Carneiro LC,Meyer MC
11,23,da Silva LHCP,Meyer MC
23,24,Meyer MC,Martins MC
23,25,Meyer MC,Balardin RS
23,64,Meyer MC,Zito RK
23,26,Meyer MC,Furlan SH
23,65,Meyer MC,Venancio WS
7,23,Del Ponte EM,Meyer MC
9,63,Godoy CV,Dias AR
9,10,Godoy CV,Utiamada CM
9,14,Godoy CV,Jaccoud-Filho DS
9,15,Godoy CV,Miguel-Wruck DS
9,16,Godoy CV,Borges EP
9,12,Godoy CV,Siqueri FV
9,17,Godoy CV,Juliatti FC
9,18,Godoy CV,Campos HD
9,19,Godoy CV,Nunes J
9,20,Godoy CV,Carneiro LC
9,11,Godoy CV,da Silva LHCP
9,24,Godoy CV,Martins MC
9,25,Godoy CV,Balardin RS
9,64,Godoy CV,Zito RK
9,26,Godoy CV,Furlan SH
9,65,Godoy CV,Venancio WS
7,9,Del Ponte EM,Godoy CV
10,63,Utiamada CM,Dias AR
14,63,Jaccoud-Filho DS,Dias AR
15,63,Miguel-Wruck DS,Dias AR
16,63,Borges EP,Dias AR
12,63,Siqueri FV,Dias AR
17,63,Juliatti FC,Dias AR
18,63,Campos HD,Dias AR
19,63,Nunes J,Dias AR
20,63,Carneiro LC,Dias AR
11,63,da Silva LHCP,Dias AR
24,63,Martins MC,Dias AR
25,63,Balardin RS,Dias AR
63,64,Dias AR,Zito RK
26,63,Furlan SH,Dias AR
63,65,Dias AR,Venancio WS
7,63,Del Ponte EM,Dias AR
10,14,Utiamada CM,Jaccoud-Filho DS
10,15,Utiamada CM,Miguel-Wruck DS
10,16,Utiamada CM,Borges EP
10,12,Utiamada CM,Siqueri FV
10,17,Utiamada CM,Juliatti FC
10,18,Utiamada CM,Campos HD
10,19,Utiamada CM,Nunes J
10,20,Utiamada CM,Carneiro LC
10,11,Utiamada CM,da Silva LHCP
10,24,Utiamada CM,Martins MC
10,25,Utiamada CM,Balardin RS
10,64,Utiamada CM,Zito RK
10,26,Utiamada CM,Furlan SH
10,65,Utiamada CM,Venancio WS
7,10,Del Ponte EM,Utiamada CM
14,15,Jaccoud-Filho DS,Miguel-Wruck DS
14,16,Jaccoud-Filho DS,Borges EP
12,14,Siqueri FV,Jaccoud-Filho DS
14,17,Jaccoud-Filho DS,Juliatti FC
14,18,Jaccoud-Filho DS,Campos HD
14,19,Jaccoud-Filho DS,Nunes J
14,20,Jaccoud-Filho DS,Carneiro LC
11,14,da Silva LHCP,Jaccoud-Filho DS
14,24,Jaccoud-Filho DS,Martins MC
14,25,Jaccoud-Filho DS,Balardin RS
14,64,Jaccoud-Filho DS,Zito RK
14,26,Jaccoud-Filho DS,Furlan SH
14,65,Jaccoud-Filho DS,Venancio WS
7,14,Del Ponte EM,Jaccoud-Filho DS
15,16,Miguel-Wruck DS,Borges EP
12,15,Siqueri FV,Miguel-Wruck DS
15,17,Miguel-Wruck DS,Juliatti FC
15,18,Miguel-Wruck DS,Campos HD
15,19,Miguel-Wruck DS,Nunes J
15,20,Miguel-Wruck DS,Carneiro LC
11,15,da Silva LHCP,Miguel-Wruck DS
15,24,Miguel-Wruck DS,Martins MC
15,25,Miguel-Wruck DS,Balardin RS
15,64,Miguel-Wruck DS,Zito RK
15,26,Miguel-Wruck DS,Furlan SH
15,65,Miguel-Wruck DS,Venancio WS
7,15,Del Ponte EM,Miguel-Wruck DS
12,16,Siqueri FV,Borges EP
16,17,Borges EP,Juliatti FC
16,18,Borges EP,Campos HD
16,19,Borges EP,Nunes J
16,20,Borges EP,Carneiro LC
11,16,da Silva LHCP,Borges EP
16,24,Borges EP,Martins MC
16,25,Borges EP,Balardin RS
16,64,Borges EP,Zito RK
16,26,Borges EP,Furlan SH
16,65,Borges EP,Venancio WS
7,16,Del Ponte EM,Borges EP
12,17,Siqueri FV,Juliatti FC
12,18,Siqueri FV,Campos HD
12,19,Siqueri FV,Nunes J
12,20,Siqueri FV,Carneiro LC
11,12,da Silva LHCP,Siqueri FV
12,24,Siqueri FV,Martins MC
12,25,Siqueri FV,Balardin RS
12,64,Siqueri FV,Zito RK
12,26,Siqueri FV,Furlan SH
12,65,Siqueri FV,Venancio WS
7,12,Del Ponte EM,Siqueri FV
17,18,Juliatti FC,Campos HD
17,19,Juliatti FC,Nunes J
17,20,Juliatti FC,Carneiro LC
11,17,da Silva LHCP,Juliatti FC
17,24,Juliatti FC,Martins MC
17,25,Juliatti FC,Balardin RS
17,64,Juliatti FC,Zito RK
17,26,Juliatti FC,Furlan SH
17,65,Juliatti FC,Venancio WS
7,17,Del Ponte EM,Juliatti FC
18,19,Campos HD,Nunes J
18,20,Campos HD,Carneiro LC
11,18,da Silva LHCP,Campos HD
18,24,Campos HD,Martins MC
18,25,Campos HD,Balardin RS
18,64,Campos HD,Zito RK
18,26,Campos HD,Furlan SH
18,65,Campos HD,Venancio WS
7,18,Del Ponte EM,Campos HD
19,20,Nunes J,Carneiro LC
11,19,da Silva LHCP,Nunes J
19,24,Nunes J,Martins MC
19,25,Nunes J,Balardin RS
19,64,Nunes J,Zito RK
19,26,Nunes J,Furlan SH
19,65,Nunes J,Venancio WS
7,19,Del Ponte EM,Nunes J
11,20,da Silva LHCP,Carneiro LC
20,24,Carneiro LC,Martins MC
20,25,Carneiro LC,Balardin RS
20,64,Carneiro LC,Zito RK
20,26,Carneiro LC,Furlan SH
20,65,Carneiro LC,Venancio WS
7,20,Del Ponte EM,Carneiro LC
11,24,da Silva LHCP,Martins MC
11,25,da Silva LHCP,Balardin RS
11,64,da Silva LHCP,Zito RK
11,26,da Silva LHCP,Furlan SH
11,65,da Silva LHCP,Venancio WS
7,11,Del Ponte EM,da Silva LHCP
24,25,Martins MC,Balardin RS
24,64,Martins MC,Zito RK
24,26,Martins MC,Furlan SH
24,65,Martins MC,Venancio WS
7,24,Del Ponte EM,Martins MC
25,64,Balardin RS,Zito RK
25,26,Balardin RS,Furlan SH
25,65,Balardin RS,Venancio WS
7,25,Del Ponte EM,Balardin RS
26,64,Furlan SH,Zito RK
64,65,Zito RK,Venancio WS
7,64,Del Ponte EM,Zito RK
26,65,Furlan SH,Venancio WS
7,26,Del Ponte EM,Furlan SH
7,65,Del Ponte EM,Venancio WS
30,66,Esker PD,Ngugi HK
28,66,Scherm H,Ngugi HK
28,30,Scherm H,Esker PD
34,56,Wise KA,Smith DL
34,67,Wise KA,Freije A
34,53,Wise KA,Mueller DS
34,68,Wise KA,Kandel YR
34,69,Wise KA,Allen TW
31,34,Bradley CA,Wise KA
34,70,Wise KA,Byamukama E
34,49,Wise KA,Chilvers MI
34,71,Wise KA,Faske T
34,72,Wise KA,Friskop A
34,73,Wise KA,Hollier C
34,74,Wise KA,Jackson-Ziems TA
34,75,Wise KA,Kelly HM
34,76,Wise KA,Kemerait B
34,77,Wise KA,Price P
34,78,Wise KA,Robertson A
34,79,Wise KA,Tenuta A
56,67,Smith DL,Freije A
53,56,Mueller DS,Smith DL
56,68,Smith DL,Kandel YR
56,69,Smith DL,Allen TW
31,56,Bradley CA,Smith DL
56,70,Smith DL,Byamukama E
49,56,Chilvers MI,Smith DL
56,71,Smith DL,Faske T
56,72,Smith DL,Friskop A
56,73,Smith DL,Hollier C
56,74,Smith DL,Jackson-Ziems TA
56,75,Smith DL,Kelly HM
56,76,Smith DL,Kemerait B
56,77,Smith DL,Price P
56,78,Smith DL,Robertson A
56,79,Smith DL,Tenuta A
53,67,Mueller DS,Freije A
67,68,Freije A,Kandel YR
67,69,Freije A,Allen TW
31,67,Bradley CA,Freije A
67,70,Freije A,Byamukama E
49,67,Chilvers MI,Freije A
67,71,Freije A,Faske T
67,72,Freije A,Friskop A
67,73,Freije A,Hollier C
67,74,Freije A,Jackson-Ziems TA
67,75,Freije A,Kelly HM
67,76,Freije A,Kemerait B
67,77,Freije A,Price P
67,78,Freije A,Robertson A
67,79,Freije A,Tenuta A
53,68,Mueller DS,Kandel YR
53,69,Mueller DS,Allen TW
31,53,Bradley CA,Mueller DS
53,70,Mueller DS,Byamukama E
49,53,Chilvers MI,Mueller DS
53,71,Mueller DS,Faske T
53,72,Mueller DS,Friskop A
53,73,Mueller DS,Hollier C
53,74,Mueller DS,Jackson-Ziems TA
53,75,Mueller DS,Kelly HM
53,76,Mueller DS,Kemerait B
53,77,Mueller DS,Price P
53,78,Mueller DS,Robertson A
53,79,Mueller DS,Tenuta A
68,69,Kandel YR,Allen TW
31,68,Bradley CA,Kandel YR
68,70,Kandel YR,Byamukama E
49,68,Chilvers MI,Kandel YR
68,71,Kandel YR,Faske T
68,72,Kandel YR,Friskop A
68,73,Kandel YR,Hollier C
68,74,Kandel YR,Jackson-Ziems TA
68,75,Kandel YR,Kelly HM
68,76,Kandel YR,Kemerait B
68,77,Kandel YR,Price P
68,78,Kandel YR,Robertson A
68,79,Kandel YR,Tenuta A
31,69,Bradley CA,Allen TW
69,70,Allen TW,Byamukama E
49,69,Chilvers MI,Allen TW
69,71,Allen TW,Faske T
69,72,Allen TW,Friskop A
69,73,Allen TW,Hollier C
69,74,Allen TW,Jackson-Ziems TA
69,75,Allen TW,Kelly HM
69,76,Allen TW,Kemerait B
69,77,Allen TW,Price P
69,78,Allen TW,Robertson A
69,79,Allen TW,Tenuta A
31,70,Bradley CA,Byamukama E
31,49,Bradley CA,Chilvers MI
31,71,Bradley CA,Faske T
31,72,Bradley CA,Friskop A
31,73,Bradley CA,Hollier C
31,74,Bradley CA,Jackson-Ziems TA
31,75,Bradley CA,Kelly HM
31,76,Bradley CA,Kemerait B
31,77,Bradley CA,Price P
31,78,Bradley CA,Robertson A
31,79,Bradley CA,Tenuta A
49,70,Chilvers MI,Byamukama E
70,71,Byamukama E,Faske T
70,72,Byamukama E,Friskop A
70,73,Byamukama E,Hollier C
70,74,Byamukama E,Jackson-Ziems TA
70,75,Byamukama E,Kelly HM
70,76,Byamukama E,Kemerait B
70,77,Byamukama E,Price P
70,78,Byamukama E,Robertson A
70,79,Byamukama E,Tenuta A
49,71,Chilvers MI,Faske T
49,72,Chilvers MI,Friskop A
49,73,Chilvers MI,Hollier C
49,74,Chilvers MI,Jackson-Ziems TA
49,75,Chilvers MI,Kelly HM
49,76,Chilvers MI,Kemerait B
49,77,Chilvers MI,Price P
49,78,Chilvers MI,Robertson A
49,79,Chilvers MI,Tenuta A
71,72,Faske T,Friskop A
71,73,Faske T,Hollier C
71,74,Faske T,Jackson-Ziems TA
71,75,Faske T,Kelly HM
71,76,Faske T,Kemerait B
71,77,Faske T,Price P
71,78,Faske T,Robertson A
71,79,Faske T,Tenuta A
72,73,Friskop A,Hollier C
72,74,Friskop A,Jackson-Ziems TA
72,75,Friskop A,Kelly HM
72,76,Friskop A,Kemerait B
72,77,Friskop A,Price P
72,78,Friskop A,Robertson A
72,79,Friskop A,Tenuta A
73,74,Hollier C,Jackson-Ziems TA
73,75,Hollier C,Kelly HM
73,76,Hollier C,Kemerait B
73,77,Hollier C,Price P
73,78,Hollier C,Robertson A
73,79,Hollier C,Tenuta A
74,75,Jackson-Ziems TA,Kelly HM
74,76,Jackson-Ziems TA,Kemerait B
74,77,Jackson-Ziems TA,Price P
74,78,Jackson-Ziems TA,Robertson A
74,79,Jackson-Ziems TA,Tenuta A
75,76,Kelly HM,Kemerait B
75,77,Kelly HM,Price P
75,78,Kelly HM,Robertson A
75,79,Kelly HM,Tenuta A
76,77,Kemerait B,Price P
76,78,Kemerait B,Robertson A
76,79,Kemerait B,Tenuta A
77,78,Price P,Robertson A
77,79,Price P,Tenuta A
78,79,Robertson A,Tenuta A
80,81,Lehner MS,Pethybridge SJ
23,80,Meyer MC,Lehner MS
7,80,Del Ponte EM,Lehner MS
23,81,Meyer MC,Pethybridge SJ
7,81,Del Ponte EM,Pethybridge SJ
7,23,Del Ponte EM,Meyer MC
72,82,Friskop A,Yellareddygari SKR
72,83,Friskop A,Gudmestad NC
72,84,Friskop A,Fuller KB
72,85,Friskop A,Burrows M
82,83,Yellareddygari SKR,Gudmestad NC
82,84,Yellareddygari SKR,Fuller KB
82,85,Yellareddygari SKR,Burrows M
83,84,Gudmestad NC,Fuller KB
83,85,Gudmestad NC,Burrows M
84,85,Fuller KB,Burrows M
86,87,Pscheidt JW,Heckert S
86,88,Pscheidt JW,Cluskey SA
87,88,Heckert S,Cluskey SA
89,90,Précigout PA,Claessen D
89,91,Précigout PA,Makowski D
89,92,Précigout PA,Robert C
90,91,Claessen D,Makowski D
90,92,Claessen D,Robert C
91,92,Makowski D,Robert C
1,3,Madden LV,Paul PA
93,94,Shah DA,Dillard HR
3,95,Paul PA,McMullen MP
3,96,Paul PA,Hershman DE
1,3,Madden LV,Paul PA
95,96,McMullen MP,Hershman DE
1,95,Madden LV,McMullen MP
1,96,Madden LV,Hershman DE
97,98,Shaw DV,Larson KD
68,94,Kandel YR,Dillard HR
68,99,Kandel YR,Adee EA
68,100,Kandel YR,Bond JP
49,68,Chilvers MI,Kandel YR
55,68,Conley SP,Kandel YR
68,101,Kandel YR,Giesler LJ
68,75,Kandel YR,Kelly HM
51,68,Malvick DK,Kandel YR
68,102,Kandel YR,Mathew FM
68,103,Kandel YR,Rupe JC
68,104,Kandel YR,Sweets LE
68,79,Kandel YR,Tenuta A
34,68,Wise KA,Kandel YR
53,68,Mueller DS,Kandel YR
94,99,Dillard HR,Adee EA
94,100,Dillard HR,Bond JP
49,94,Chilvers MI,Dillard HR
55,94,Conley SP,Dillard HR
94,101,Dillard HR,Giesler LJ
75,94,Kelly HM,Dillard HR
51,94,Malvick DK,Dillard HR
94,102,Dillard HR,Mathew FM
94,103,Dillard HR,Rupe JC
94,104,Dillard HR,Sweets LE
79,94,Tenuta A,Dillard HR
34,94,Wise KA,Dillard HR
53,94,Mueller DS,Dillard HR
99,100,Adee EA,Bond JP
49,99,Chilvers MI,Adee EA
55,99,Conley SP,Adee EA
99,101,Adee EA,Giesler LJ
75,99,Kelly HM,Adee EA
51,99,Malvick DK,Adee EA
99,102,Adee EA,Mathew FM
99,103,Adee EA,Rupe JC
99,104,Adee EA,Sweets LE
79,99,Tenuta A,Adee EA
34,99,Wise KA,Adee EA
53,99,Mueller DS,Adee EA
49,100,Chilvers MI,Bond JP
55,100,Conley SP,Bond JP
100,101,Bond JP,Giesler LJ
75,100,Kelly HM,Bond JP
51,100,Malvick DK,Bond JP
100,102,Bond JP,Mathew FM
100,103,Bond JP,Rupe JC
100,104,Bond JP,Sweets LE
79,100,Tenuta A,Bond JP
34,100,Wise KA,Bond JP
53,100,Mueller DS,Bond JP
49,55,Chilvers MI,Conley SP
49,101,Chilvers MI,Giesler LJ
49,75,Chilvers MI,Kelly HM
49,51,Chilvers MI,Malvick DK
49,102,Chilvers MI,Mathew FM
49,103,Chilvers MI,Rupe JC
49,104,Chilvers MI,Sweets LE
49,79,Chilvers MI,Tenuta A
34,49,Wise KA,Chilvers MI
49,53,Chilvers MI,Mueller DS
55,101,Conley SP,Giesler LJ
55,75,Conley SP,Kelly HM
51,55,Malvick DK,Conley SP
55,102,Conley SP,Mathew FM
55,103,Conley SP,Rupe JC
55,104,Conley SP,Sweets LE
55,79,Conley SP,Tenuta A
34,55,Wise KA,Conley SP
53,55,Mueller DS,Conley SP
75,101,Kelly HM,Giesler LJ
51,101,Malvick DK,Giesler LJ
101,102,Giesler LJ,Mathew FM
101,103,Giesler LJ,Rupe JC
101,104,Giesler LJ,Sweets LE
79,101,Tenuta A,Giesler LJ
34,101,Wise KA,Giesler LJ
53,101,Mueller DS,Giesler LJ
51,75,Malvick DK,Kelly HM
75,102,Kelly HM,Mathew FM
75,103,Kelly HM,Rupe JC
75,104,Kelly HM,Sweets LE
75,79,Kelly HM,Tenuta A
34,75,Wise KA,Kelly HM
53,75,Mueller DS,Kelly HM
51,102,Malvick DK,Mathew FM
51,103,Malvick DK,Rupe JC
51,104,Malvick DK,Sweets LE
51,79,Malvick DK,Tenuta A
34,51,Wise KA,Malvick DK
51,53,Malvick DK,Mueller DS
102,103,Mathew FM,Rupe JC
102,104,Mathew FM,Sweets LE
79,102,Tenuta A,Mathew FM
34,102,Wise KA,Mathew FM
53,102,Mueller DS,Mathew FM
103,104,Rupe JC,Sweets LE
79,103,Tenuta A,Rupe JC
34,103,Wise KA,Rupe JC
53,103,Mueller DS,Rupe JC
79,104,Tenuta A,Sweets LE
34,104,Wise KA,Sweets LE
53,104,Mueller DS,Sweets LE
34,79,Wise KA,Tenuta A
53,79,Mueller DS,Tenuta A
34,53,Wise KA,Mueller DS
8,105,Dalla Lana F,Sylvester PN
105,106,Sylvester PN,Mehl HL
105,107,Sylvester PN,Collins AA
3,105,Paul PA,Sylvester PN
50,105,Kleczewski NM,Sylvester PN
8,106,Dalla Lana F,Mehl HL
8,107,Dalla Lana F,Collins AA
3,8,Paul PA,Dalla Lana F
8,50,Dalla Lana F,Kleczewski NM
106,107,Mehl HL,Collins AA
3,106,Paul PA,Mehl HL
50,106,Kleczewski NM,Mehl HL
3,107,Paul PA,Collins AA
50,107,Kleczewski NM,Collins AA
3,50,Paul PA,Kleczewski NM
108,109,Belova A,Narayan T
108,110,Belova A,Olkin I
109,110,Narayan T,Olkin I
111,112,Willyerd KT,Li C
1,111,Madden LV,Willyerd KT
31,111,Bradley CA,Willyerd KT
32,111,Bergstrom GC,Willyerd KT
104,111,Sweets LE,Willyerd KT
35,111,McMullen M,Willyerd KT
111,113,Willyerd KT,Ransom JK
36,111,Grybauskas A,Willyerd KT
111,114,Willyerd KT,Osborne L
111,115,Willyerd KT,Wegulo SN
96,111,Hershman DE,Willyerd KT
34,111,Wise KA,Willyerd KT
111,116,Willyerd KT,Bockus WW
111,117,Willyerd KT,Groth D
33,111,Dill-Macky R,Willyerd KT
38,111,Milus E,Willyerd KT
30,111,Esker PD,Willyerd KT
111,118,Willyerd KT,Waxman KD
99,111,Adee EA,Willyerd KT
111,119,Willyerd KT,Ebelhar SE
111,120,Willyerd KT,Young BG
3,111,Paul PA,Willyerd KT
1,112,Madden LV,Li C
31,112,Bradley CA,Li C
32,112,Bergstrom GC,Li C
104,112,Sweets LE,Li C
35,112,McMullen M,Li C
112,113,Li C,Ransom JK
36,112,Grybauskas A,Li C
112,114,Li C,Osborne L
112,115,Li C,Wegulo SN
96,112,Hershman DE,Li C
34,112,Wise KA,Li C
112,116,Li C,Bockus WW
112,117,Li C,Groth D
33,112,Dill-Macky R,Li C
38,112,Milus E,Li C
30,112,Esker PD,Li C
112,118,Li C,Waxman KD
99,112,Adee EA,Li C
112,119,Li C,Ebelhar SE
112,120,Li C,Young BG
3,112,Paul PA,Li C
1,31,Madden LV,Bradley CA
1,32,Madden LV,Bergstrom GC
1,104,Madden LV,Sweets LE
1,35,Madden LV,McMullen M
1,113,Madden LV,Ransom JK
1,36,Madden LV,Grybauskas A
1,114,Madden LV,Osborne L
1,115,Madden LV,Wegulo SN
1,96,Madden LV,Hershman DE
1,34,Madden LV,Wise KA
1,116,Madden LV,Bockus WW
1,117,Madden LV,Groth D
1,33,Madden LV,Dill-Macky R
1,38,Madden LV,Milus E
1,30,Madden LV,Esker PD
1,118,Madden LV,Waxman KD
1,99,Madden LV,Adee EA
1,119,Madden LV,Ebelhar SE
1,120,Madden LV,Young BG
1,3,Madden LV,Paul PA
31,32,Bradley CA,Bergstrom GC
31,104,Bradley CA,Sweets LE
31,35,Bradley CA,McMullen M
31,113,Bradley CA,Ransom JK
31,36,Bradley CA,Grybauskas A
31,114,Bradley CA,Osborne L
31,115,Bradley CA,Wegulo SN
31,96,Bradley CA,Hershman DE
31,34,Bradley CA,Wise KA
31,116,Bradley CA,Bockus WW
31,117,Bradley CA,Groth D
31,33,Bradley CA,Dill-Macky R
31,38,Bradley CA,Milus E
30,31,Esker PD,Bradley CA
31,118,Bradley CA,Waxman KD
31,99,Bradley CA,Adee EA
31,119,Bradley CA,Ebelhar SE
31,120,Bradley CA,Young BG
3,31,Paul PA,Bradley CA
32,104,Bergstrom GC,Sweets LE
32,35,Bergstrom GC,McMullen M
32,113,Bergstrom GC,Ransom JK
32,36,Bergstrom GC,Grybauskas A
32,114,Bergstrom GC,Osborne L
32,115,Bergstrom GC,Wegulo SN
32,96,Bergstrom GC,Hershman DE
32,34,Bergstrom GC,Wise KA
32,116,Bergstrom GC,Bockus WW
32,117,Bergstrom GC,Groth D
32,33,Bergstrom GC,Dill-Macky R
32,38,Bergstrom GC,Milus E
30,32,Esker PD,Bergstrom GC
32,118,Bergstrom GC,Waxman KD
32,99,Bergstrom GC,Adee EA
32,119,Bergstrom GC,Ebelhar SE
32,120,Bergstrom GC,Young BG
3,32,Paul PA,Bergstrom GC
35,104,McMullen M,Sweets LE
104,113,Sweets LE,Ransom JK
36,104,Grybauskas A,Sweets LE
104,114,Sweets LE,Osborne L
104,115,Sweets LE,Wegulo SN
96,104,Hershman DE,Sweets LE
34,104,Wise KA,Sweets LE
104,116,Sweets LE,Bockus WW
104,117,Sweets LE,Groth D
33,104,Dill-Macky R,Sweets LE
38,104,Milus E,Sweets LE
30,104,Esker PD,Sweets LE
104,118,Sweets LE,Waxman KD
99,104,Adee EA,Sweets LE
104,119,Sweets LE,Ebelhar SE
104,120,Sweets LE,Young BG
3,104,Paul PA,Sweets LE
35,113,McMullen M,Ransom JK
35,36,McMullen M,Grybauskas A
35,114,McMullen M,Osborne L
35,115,McMullen M,Wegulo SN
35,96,McMullen M,Hershman DE
34,35,Wise KA,McMullen M
35,116,McMullen M,Bockus WW
35,117,McMullen M,Groth D
33,35,Dill-Macky R,McMullen M
35,38,McMullen M,Milus E
30,35,Esker PD,McMullen M
35,118,McMullen M,Waxman KD
35,99,McMullen M,Adee EA
35,119,McMullen M,Ebelhar SE
35,120,McMullen M,Young BG
3,35,Paul PA,McMullen M
36,113,Grybauskas A,Ransom JK
113,114,Ransom JK,Osborne L
113,115,Ransom JK,Wegulo SN
96,113,Hershman DE,Ransom JK
34,113,Wise KA,Ransom JK
113,116,Ransom JK,Bockus WW
113,117,Ransom JK,Groth D
33,113,Dill-Macky R,Ransom JK
38,113,Milus E,Ransom JK
30,113,Esker PD,Ransom JK
113,118,Ransom JK,Waxman KD
99,113,Adee EA,Ransom JK
113,119,Ransom JK,Ebelhar SE
113,120,Ransom JK,Young BG
3,113,Paul PA,Ransom JK
36,114,Grybauskas A,Osborne L
36,115,Grybauskas A,Wegulo SN
36,96,Grybauskas A,Hershman DE
34,36,Wise KA,Grybauskas A
36,116,Grybauskas A,Bockus WW
36,117,Grybauskas A,Groth D
33,36,Dill-Macky R,Grybauskas A
36,38,Grybauskas A,Milus E
30,36,Esker PD,Grybauskas A
36,118,Grybauskas A,Waxman KD
36,99,Grybauskas A,Adee EA
36,119,Grybauskas A,Ebelhar SE
36,120,Grybauskas A,Young BG
3,36,Paul PA,Grybauskas A
114,115,Osborne L,Wegulo SN
96,114,Hershman DE,Osborne L
34,114,Wise KA,Osborne L
114,116,Osborne L,Bockus WW
114,117,Osborne L,Groth D
33,114,Dill-Macky R,Osborne L
38,114,Milus E,Osborne L
30,114,Esker PD,Osborne L
114,118,Osborne L,Waxman KD
99,114,Adee EA,Osborne L
114,119,Osborne L,Ebelhar SE
114,120,Osborne L,Young BG
3,114,Paul PA,Osborne L
96,115,Hershman DE,Wegulo SN
34,115,Wise KA,Wegulo SN
115,116,Wegulo SN,Bockus WW
115,117,Wegulo SN,Groth D
33,115,Dill-Macky R,Wegulo SN
38,115,Milus E,Wegulo SN
30,115,Esker PD,Wegulo SN
115,118,Wegulo SN,Waxman KD
99,115,Adee EA,Wegulo SN
115,119,Wegulo SN,Ebelhar SE
115,120,Wegulo SN,Young BG
3,115,Paul PA,Wegulo SN
34,96,Wise KA,Hershman DE
96,116,Hershman DE,Bockus WW
96,117,Hershman DE,Groth D
33,96,Dill-Macky R,Hershman DE
38,96,Milus E,Hershman DE
30,96,Esker PD,Hershman DE
96,118,Hershman DE,Waxman KD
96,99,Hershman DE,Adee EA
96,119,Hershman DE,Ebelhar SE
96,120,Hershman DE,Young BG
3,96,Paul PA,Hershman DE
34,116,Wise KA,Bockus WW
34,117,Wise KA,Groth D
33,34,Dill-Macky R,Wise KA
34,38,Wise KA,Milus E
30,34,Esker PD,Wise KA
34,118,Wise KA,Waxman KD
34,99,Wise KA,Adee EA
34,119,Wise KA,Ebelhar SE
34,120,Wise KA,Young BG
3,34,Paul PA,Wise KA
116,117,Bockus WW,Groth D
33,116,Dill-Macky R,Bockus WW
38,116,Milus E,Bockus WW
30,116,Esker PD,Bockus WW
116,118,Bockus WW,Waxman KD
99,116,Adee EA,Bockus WW
116,119,Bockus WW,Ebelhar SE
116,120,Bockus WW,Young BG
3,116,Paul PA,Bockus WW
33,117,Dill-Macky R,Groth D
38,117,Milus E,Groth D
30,117,Esker PD,Groth D
117,118,Groth D,Waxman KD
99,117,Adee EA,Groth D
117,119,Groth D,Ebelhar SE
117,120,Groth D,Young BG
3,117,Paul PA,Groth D
33,38,Dill-Macky R,Milus E
30,33,Esker PD,Dill-Macky R
33,118,Dill-Macky R,Waxman KD
33,99,Dill-Macky R,Adee EA
33,119,Dill-Macky R,Ebelhar SE
33,120,Dill-Macky R,Young BG
3,33,Paul PA,Dill-Macky R
30,38,Esker PD,Milus E
38,118,Milus E,Waxman KD
38,99,Milus E,Adee EA
38,119,Milus E,Ebelhar SE
38,120,Milus E,Young BG
3,38,Paul PA,Milus E
30,118,Esker PD,Waxman KD
30,99,Esker PD,Adee EA
30,119,Esker PD,Ebelhar SE
30,120,Esker PD,Young BG
3,30,Paul PA,Esker PD
99,118,Adee EA,Waxman KD
118,119,Waxman KD,Ebelhar SE
118,120,Waxman KD,Young BG
3,118,Paul PA,Waxman KD
99,119,Adee EA,Ebelhar SE
99,120,Adee EA,Young BG
3,99,Paul PA,Adee EA
119,120,Ebelhar SE,Young BG
3,119,Paul PA,Ebelhar SE
3,120,Paul PA,Young BG
31,68,Bradley CA,Kandel YR
49,68,Chilvers MI,Kandel YR
68,102,Kandel YR,Mathew FM
68,79,Kandel YR,Tenuta A
56,68,Smith DL,Kandel YR
34,68,Wise KA,Kandel YR
53,68,Mueller DS,Kandel YR
31,49,Bradley CA,Chilvers MI
31,102,Bradley CA,Mathew FM
31,79,Bradley CA,Tenuta A
31,56,Bradley CA,Smith DL
31,34,Bradley CA,Wise KA
31,53,Bradley CA,Mueller DS
49,102,Chilvers MI,Mathew FM
49,79,Chilvers MI,Tenuta A
49,56,Chilvers MI,Smith DL
34,49,Wise KA,Chilvers MI
49,53,Chilvers MI,Mueller DS
79,102,Tenuta A,Mathew FM
56,102,Smith DL,Mathew FM
34,102,Wise KA,Mathew FM
53,102,Mueller DS,Mathew FM
56,79,Smith DL,Tenuta A
34,79,Wise KA,Tenuta A
53,79,Mueller DS,Tenuta A
34,56,Wise KA,Smith DL
53,56,Mueller DS,Smith DL
34,53,Wise KA,Mueller DS
82,121,Yellareddygari SKR,Taylor RJ
82,122,Yellareddygari SKR,Pasche JS
82,83,Yellareddygari SKR,Gudmestad NC
121,122,Taylor RJ,Pasche JS
83,121,Gudmestad NC,Taylor RJ
83,122,Gudmestad NC,Pasche JS
82,121,Yellareddygari SKR,Taylor RJ
82,122,Yellareddygari SKR,Pasche JS
82,123,Yellareddygari SKR,Zhang A
82,83,Yellareddygari SKR,Gudmestad NC
121,122,Taylor RJ,Pasche JS
121,123,Taylor RJ,Zhang A
83,121,Gudmestad NC,Taylor RJ
122,123,Pasche JS,Zhang A
83,122,Gudmestad NC,Pasche JS
83,123,Gudmestad NC,Zhang A
124,125,Salam MU,MacLeod WJ
124,126,Salam MU,Maling T
124,127,Salam MU,Prichard I
124,128,Salam MU,Seymour M
124,129,Salam MU,Barbetti MJ
125,126,MacLeod WJ,Maling T
125,127,MacLeod WJ,Prichard I
125,128,MacLeod WJ,Seymour M
125,129,MacLeod WJ,Barbetti MJ
126,127,Maling T,Prichard I
126,128,Maling T,Seymour M
126,129,Maling T,Barbetti MJ
127,128,Prichard I,Seymour M
127,129,Prichard I,Barbetti MJ
128,129,Seymour M,Barbetti MJ
3,130,Paul PA,Lipps PE
3,96,Paul PA,Hershman DE
3,95,Paul PA,McMullen MP
3,131,Paul PA,Draper MA
1,3,Madden LV,Paul PA
96,130,Hershman DE,Lipps PE
95,130,McMullen MP,Lipps PE
130,131,Lipps PE,Draper MA
1,130,Madden LV,Lipps PE
95,96,McMullen MP,Hershman DE
96,131,Hershman DE,Draper MA
1,96,Madden LV,Hershman DE
95,131,McMullen MP,Draper MA
1,95,Madden LV,McMullen MP
1,131,Madden LV,Draper MA
3,132,Paul PA,Ojiambo PS
132,133,Ojiambo PS,Holmes GJ
3,133,Paul PA,Holmes GJ
134,135,Wan JSH,Liew ECY
136,137,Nelson ME,Gent DH
136,138,Nelson ME,Grove GG
137,138,Gent DH,Grove GG
3,31,Paul PA,Bradley CA
1,3,Madden LV,Paul PA
3,8,Paul PA,Dalla Lana F
3,32,Paul PA,Bergstrom GC
3,33,Paul PA,Dill-Macky R
3,30,Paul PA,Esker PD
3,34,Paul PA,Wise KA
3,35,Paul PA,McMullen M
3,36,Paul PA,Grybauskas A
3,37,Paul PA,Kirk WW
3,38,Paul PA,Milus E
3,39,Paul PA,Ruden K
1,31,Madden LV,Bradley CA
8,31,Dalla Lana F,Bradley CA
31,32,Bradley CA,Bergstrom GC
31,33,Bradley CA,Dill-Macky R
30,31,Esker PD,Bradley CA
31,34,Bradley CA,Wise KA
31,35,Bradley CA,McMullen M
31,36,Bradley CA,Grybauskas A
31,37,Bradley CA,Kirk WW
31,38,Bradley CA,Milus E
31,39,Bradley CA,Ruden K
1,8,Madden LV,Dalla Lana F
1,32,Madden LV,Bergstrom GC
1,33,Madden LV,Dill-Macky R
1,30,Madden LV,Esker PD
1,34,Madden LV,Wise KA
1,35,Madden LV,McMullen M
1,36,Madden LV,Grybauskas A
1,37,Madden LV,Kirk WW
1,38,Madden LV,Milus E
1,39,Madden LV,Ruden K
8,32,Dalla Lana F,Bergstrom GC
8,33,Dalla Lana F,Dill-Macky R
8,30,Dalla Lana F,Esker PD
8,34,Dalla Lana F,Wise KA
8,35,Dalla Lana F,McMullen M
8,36,Dalla Lana F,Grybauskas A
8,37,Dalla Lana F,Kirk WW
8,38,Dalla Lana F,Milus E
8,39,Dalla Lana F,Ruden K
32,33,Bergstrom GC,Dill-Macky R
30,32,Esker PD,Bergstrom GC
32,34,Bergstrom GC,Wise KA
32,35,Bergstrom GC,McMullen M
32,36,Bergstrom GC,Grybauskas A
32,37,Bergstrom GC,Kirk WW
32,38,Bergstrom GC,Milus E
32,39,Bergstrom GC,Ruden K
30,33,Esker PD,Dill-Macky R
33,34,Dill-Macky R,Wise KA
33,35,Dill-Macky R,McMullen M
33,36,Dill-Macky R,Grybauskas A
33,37,Dill-Macky R,Kirk WW
33,38,Dill-Macky R,Milus E
33,39,Dill-Macky R,Ruden K
30,34,Esker PD,Wise KA
30,35,Esker PD,McMullen M
30,36,Esker PD,Grybauskas A
30,37,Esker PD,Kirk WW
30,38,Esker PD,Milus E
30,39,Esker PD,Ruden K
34,35,Wise KA,McMullen M
34,36,Wise KA,Grybauskas A
34,37,Wise KA,Kirk WW
34,38,Wise KA,Milus E
34,39,Wise KA,Ruden K
35,36,McMullen M,Grybauskas A
35,37,McMullen M,Kirk WW
35,38,McMullen M,Milus E
35,39,McMullen M,Ruden K
36,37,Grybauskas A,Kirk WW
36,38,Grybauskas A,Milus E
36,39,Grybauskas A,Ruden K
37,38,Kirk WW,Milus E
37,39,Kirk WW,Ruden K
38,39,Milus E,Ruden K
66,139,Ngugi HK,Lehman BL
1,66,Madden LV,Ngugi HK
1,139,Madden LV,Lehman BL
3,140,Paul PA,Edwards-Molina JP
140,141,Edwards-Molina JP,Amorim L
11,140,da Silva LHCP,Edwards-Molina JP
12,140,Siqueri FV,Edwards-Molina JP
16,140,Borges EP,Edwards-Molina JP
18,140,Campos HD,Edwards-Molina JP
19,140,Nunes J,Edwards-Molina JP
23,140,Meyer MC,Edwards-Molina JP
24,140,Martins MC,Edwards-Molina JP
25,140,Balardin RS,Edwards-Molina JP
27,140,Carlin VJ,Edwards-Molina JP
140,142,Edwards-Molina JP,Grigolli JFJ
140,143,Edwards-Molina JP,Belufi LMR
9,140,Godoy CV,Edwards-Molina JP
3,141,Paul PA,Amorim L
3,11,Paul PA,da Silva LHCP
3,12,Paul PA,Siqueri FV
3,16,Paul PA,Borges EP
3,18,Paul PA,Campos HD
3,19,Paul PA,Nunes J
3,23,Paul PA,Meyer MC
3,24,Paul PA,Martins MC
3,25,Paul PA,Balardin RS
3,27,Paul PA,Carlin VJ
3,142,Paul PA,Grigolli JFJ
3,143,Paul PA,Belufi LMR
3,9,Paul PA,Godoy CV
11,141,da Silva LHCP,Amorim L
12,141,Siqueri FV,Amorim L
16,141,Borges EP,Amorim L
18,141,Campos HD,Amorim L
19,141,Nunes J,Amorim L
23,141,Meyer MC,Amorim L
24,141,Martins MC,Amorim L
25,141,Balardin RS,Amorim L
27,141,Carlin VJ,Amorim L
141,142,Amorim L,Grigolli JFJ
141,143,Amorim L,Belufi LMR
9,141,Godoy CV,Amorim L
11,12,da Silva LHCP,Siqueri FV
11,16,da Silva LHCP,Borges EP
11,18,da Silva LHCP,Campos HD
11,19,da Silva LHCP,Nunes J
11,23,da Silva LHCP,Meyer MC
11,24,da Silva LHCP,Martins MC
11,25,da Silva LHCP,Balardin RS
11,27,da Silva LHCP,Carlin VJ
11,142,da Silva LHCP,Grigolli JFJ
11,143,da Silva LHCP,Belufi LMR
9,11,Godoy CV,da Silva LHCP
12,16,Siqueri FV,Borges EP
12,18,Siqueri FV,Campos HD
12,19,Siqueri FV,Nunes J
12,23,Siqueri FV,Meyer MC
12,24,Siqueri FV,Martins MC
12,25,Siqueri FV,Balardin RS
12,27,Siqueri FV,Carlin VJ
12,142,Siqueri FV,Grigolli JFJ
12,143,Siqueri FV,Belufi LMR
9,12,Godoy CV,Siqueri FV
16,18,Borges EP,Campos HD
16,19,Borges EP,Nunes J
16,23,Borges EP,Meyer MC
16,24,Borges EP,Martins MC
16,25,Borges EP,Balardin RS
16,27,Borges EP,Carlin VJ
16,142,Borges EP,Grigolli JFJ
16,143,Borges EP,Belufi LMR
9,16,Godoy CV,Borges EP
18,19,Campos HD,Nunes J
18,23,Campos HD,Meyer MC
18,24,Campos HD,Martins MC
18,25,Campos HD,Balardin RS
18,27,Campos HD,Carlin VJ
18,142,Campos HD,Grigolli JFJ
18,143,Campos HD,Belufi LMR
9,18,Godoy CV,Campos HD
19,23,Nunes J,Meyer MC
19,24,Nunes J,Martins MC
19,25,Nunes J,Balardin RS
19,27,Nunes J,Carlin VJ
19,142,Nunes J,Grigolli JFJ
19,143,Nunes J,Belufi LMR
9,19,Godoy CV,Nunes J
23,24,Meyer MC,Martins MC
23,25,Meyer MC,Balardin RS
23,27,Meyer MC,Carlin VJ
23,142,Meyer MC,Grigolli JFJ
23,143,Meyer MC,Belufi LMR
9,23,Godoy CV,Meyer MC
24,25,Martins MC,Balardin RS
24,27,Martins MC,Carlin VJ
24,142,Martins MC,Grigolli JFJ
24,143,Martins MC,Belufi LMR
9,24,Godoy CV,Martins MC
25,27,Balardin RS,Carlin VJ
25,142,Balardin RS,Grigolli JFJ
25,143,Balardin RS,Belufi LMR
9,25,Godoy CV,Balardin RS
27,142,Carlin VJ,Grigolli JFJ
27,143,Carlin VJ,Belufi LMR
9,27,Godoy CV,Carlin VJ
142,143,Grigolli JFJ,Belufi LMR
9,142,Godoy CV,Grigolli JFJ
9,143,Godoy CV,Belufi LMR
82,122,Yellareddygari SKR,Pasche JS
82,121,Yellareddygari SKR,Taylor RJ
82,83,Yellareddygari SKR,Gudmestad NC
121,122,Taylor RJ,Pasche JS
83,122,Gudmestad NC,Pasche JS
83,121,Gudmestad NC,Taylor RJ
144,145,Chandrasekaran M,Subramanian D
144,146,Chandrasekaran M,Yoon E
144,147,Chandrasekaran M,Kwon T
144,148,Chandrasekaran M,Chun SC
145,146,Subramanian D,Yoon E
145,147,Subramanian D,Kwon T
145,148,Subramanian D,Chun SC
146,147,Yoon E,Kwon T
146,148,Yoon E,Chun SC
147,148,Kwon T,Chun SC
3,130,Paul PA,Lipps PE
1,3,Madden LV,Paul PA
1,130,Madden LV,Lipps PE
149,150,Huang C,Sun Z
149,151,Huang C,Wang H
149,152,Huang C,Luo Y
149,153,Huang C,Ma Z
150,151,Sun Z,Wang H
150,152,Sun Z,Luo Y
150,153,Sun Z,Ma Z
151,152,Wang H,Luo Y
151,153,Wang H,Ma Z
152,153,Luo Y,Ma Z
1,3,Madden LV,Paul PA
3,31,Paul PA,Bradley CA
3,78,Paul PA,Robertson A
3,154,Paul PA,Munkvold GP
3,155,Paul PA,Shaner G
3,34,Paul PA,Wise KA
3,51,Paul PA,Malvick DK
3,69,Paul PA,Allen TW
3,36,Paul PA,Grybauskas A
3,156,Paul PA,Vincelli P
3,30,Paul PA,Esker PD
1,31,Madden LV,Bradley CA
1,78,Madden LV,Robertson A
1,154,Madden LV,Munkvold GP
1,155,Madden LV,Shaner G
1,34,Madden LV,Wise KA
1,51,Madden LV,Malvick DK
1,69,Madden LV,Allen TW
1,36,Madden LV,Grybauskas A
1,156,Madden LV,Vincelli P
1,30,Madden LV,Esker PD
31,78,Bradley CA,Robertson A
31,154,Bradley CA,Munkvold GP
31,155,Bradley CA,Shaner G
31,34,Bradley CA,Wise KA
31,51,Bradley CA,Malvick DK
31,69,Bradley CA,Allen TW
31,36,Bradley CA,Grybauskas A
31,156,Bradley CA,Vincelli P
30,31,Esker PD,Bradley CA
78,154,Robertson A,Munkvold GP
78,155,Robertson A,Shaner G
34,78,Wise KA,Robertson A
51,78,Malvick DK,Robertson A
69,78,Allen TW,Robertson A
36,78,Grybauskas A,Robertson A
78,156,Robertson A,Vincelli P
30,78,Esker PD,Robertson A
154,155,Munkvold GP,Shaner G
34,154,Wise KA,Munkvold GP
51,154,Malvick DK,Munkvold GP
69,154,Allen TW,Munkvold GP
36,154,Grybauskas A,Munkvold GP
154,156,Munkvold GP,Vincelli P
30,154,Esker PD,Munkvold GP
34,155,Wise KA,Shaner G
51,155,Malvick DK,Shaner G
69,155,Allen TW,Shaner G
36,155,Grybauskas A,Shaner G
155,156,Shaner G,Vincelli P
30,155,Esker PD,Shaner G
34,51,Wise KA,Malvick DK
34,69,Wise KA,Allen TW
34,36,Wise KA,Grybauskas A
34,156,Wise KA,Vincelli P
30,34,Esker PD,Wise KA
51,69,Malvick DK,Allen TW
36,51,Grybauskas A,Malvick DK
51,156,Malvick DK,Vincelli P
30,51,Esker PD,Malvick DK
36,69,Grybauskas A,Allen TW
69,156,Allen TW,Vincelli P
30,69,Esker PD,Allen TW
36,156,Grybauskas A,Vincelli P
30,36,Esker PD,Grybauskas A
30,156,Esker PD,Vincelli P
157,158,Salam KP,Thomas GJ
157,159,Salam KP,Beard C
157,160,Salam KP,Loughman R
125,157,MacLeod WJ,Salam KP
124,157,Salam MU,Salam KP
158,159,Thomas GJ,Beard C
158,160,Thomas GJ,Loughman R
125,158,MacLeod WJ,Thomas GJ
124,158,Salam MU,Thomas GJ
159,160,Beard C,Loughman R
125,159,MacLeod WJ,Beard C
124,159,Salam MU,Beard C
125,160,MacLeod WJ,Loughman R
124,160,Salam MU,Loughman R
124,125,Salam MU,MacLeod WJ
91,161,Makowski D,Vicent A
91,162,Makowski D,Pautasso M
91,163,Makowski D,Stancanelli G
91,164,Makowski D,Rafoss T
161,162,Vicent A,Pautasso M
161,163,Vicent A,Stancanelli G
161,164,Vicent A,Rafoss T
162,163,Pautasso M,Stancanelli G
162,164,Pautasso M,Rafoss T
163,164,Stancanelli G,Rafoss T
66,165,Ngugi HK,Mila AL
28,166,Scherm H,Thomas CS
28,167,Scherm H,Garrett KA
28,168,Scherm H,Olsen JM
166,167,Thomas CS,Garrett KA
166,168,Thomas CS,Olsen JM
167,168,Garrett KA,Olsen JM
1,169,Madden LV,Cordova LG
169,170,Cordova LG,Amiri A
169,171,Cordova LG,Schnabel G
169,172,Cordova LG,Peres NA
1,170,Madden LV,Amiri A
1,171,Madden LV,Schnabel G
1,172,Madden LV,Peres NA
170,171,Amiri A,Schnabel G
170,172,Amiri A,Peres NA
171,172,Schnabel G,Peres NA
3,130,Paul PA,Lipps PE
1,3,Madden LV,Paul PA
1,130,Madden LV,Lipps PE
3,130,Paul PA,Lipps PE
3,96,Paul PA,Hershman DE
3,95,Paul PA,McMullen MP
3,131,Paul PA,Draper MA
1,3,Madden LV,Paul PA
96,130,Hershman DE,Lipps PE
95,130,McMullen MP,Lipps PE
130,131,Lipps PE,Draper MA
1,130,Madden LV,Lipps PE
95,96,McMullen MP,Hershman DE
96,131,Hershman DE,Draper MA
1,96,Madden LV,Hershman DE
95,131,McMullen MP,Draper MA
1,95,Madden LV,McMullen MP
1,131,Madden LV,Draper MA
1,3,Madden LV,Paul PA
173,174,Pumariño L,Sileshi GW
173,175,Pumariño L,Gripenberg S
173,176,Pumariño L,Kaartinen R
173,177,Pumariño L,Barrios E
173,178,Pumariño L,Muchane MN
173,179,Pumariño L,Midega C
173,180,Pumariño L,Jonsson M
174,175,Sileshi GW,Gripenberg S
174,176,Sileshi GW,Kaartinen R
174,177,Sileshi GW,Barrios E
174,178,Sileshi GW,Muchane MN
174,179,Sileshi GW,Midega C
174,180,Sileshi GW,Jonsson M
175,176,Gripenberg S,Kaartinen R
175,177,Gripenberg S,Barrios E
175,178,Gripenberg S,Muchane MN
175,179,Gripenberg S,Midega C
175,180,Gripenberg S,Jonsson M
176,177,Kaartinen R,Barrios E
176,178,Kaartinen R,Muchane MN
176,179,Kaartinen R,Midega C
176,180,Kaartinen R,Jonsson M
177,178,Barrios E,Muchane MN
177,179,Barrios E,Midega C
177,180,Barrios E,Jonsson M
178,179,Muchane MN,Midega C
178,180,Muchane MN,Jonsson M
179,180,Midega C,Jonsson M
167,181,Garrett KA,Rosenberg MS
181,182,Rosenberg MS,Su Z
181,183,Rosenberg MS,Bowden RL
167,182,Garrett KA,Su Z
167,183,Garrett KA,Bowden RL
182,183,Su Z,Bowden RL
184,185,Veresoglou SD,Barto EK
184,186,Veresoglou SD,Menexes G
184,187,Veresoglou SD,Rillig MC
185,186,Barto EK,Menexes G
185,187,Barto EK,Rillig MC
186,187,Menexes G,Rillig MC
28,132,Scherm H,Ojiambo PS
188,189,Zhang C,Dong Y
188,190,Zhang C,Tang L
188,191,Zhang C,Zheng Y
91,188,Makowski D,Zhang C
188,192,Zhang C,Yu Y
188,193,Zhang C,Zhang F
188,194,Zhang C,van der Werf W
189,190,Dong Y,Tang L
189,191,Dong Y,Zheng Y
91,189,Makowski D,Dong Y
189,192,Dong Y,Yu Y
189,193,Dong Y,Zhang F
189,194,Dong Y,van der Werf W
190,191,Tang L,Zheng Y
91,190,Makowski D,Tang L
190,192,Tang L,Yu Y
190,193,Tang L,Zhang F
190,194,Tang L,van der Werf W
91,191,Makowski D,Zheng Y
191,192,Zheng Y,Yu Y
191,193,Zheng Y,Zhang F
191,194,Zheng Y,van der Werf W
91,192,Makowski D,Yu Y
91,193,Makowski D,Zhang F
91,194,Makowski D,van der Werf W
192,193,Yu Y,Zhang F
192,194,Yu Y,van der Werf W
193,194,Zhang F,van der Werf W
132,195,Ojiambo PS,Copes W
68,196,Kandel YR,Hunt CL
48,68,Ames KA,Kandel YR
68,197,Kandel YR,Arneson N
31,68,Bradley CA,Kandel YR
68,70,Kandel YR,Byamukama E
45,68,Byrne AM,Kandel YR
49,68,Chilvers MI,Kandel YR
68,101,Kandel YR,Giesler LJ
68,198,Kandel YR,Halvorson J
68,199,Kandel YR,Hooker DC
50,68,Kleczewski NM,Kandel YR
51,68,Malvick DK,Kandel YR
68,200,Kandel YR,Markell SG
68,201,Kandel YR,Potter B
68,202,Kandel YR,Pedersen W
56,68,Smith DL,Kandel YR
68,79,Kandel YR,Tenuta A
68,203,Kandel YR,Telenko DEP
34,68,Wise KA,Kandel YR
53,68,Mueller DS,Kandel YR
48,196,Ames KA,Hunt CL
196,197,Hunt CL,Arneson N
31,196,Bradley CA,Hunt CL
70,196,Byamukama E,Hunt CL
45,196,Byrne AM,Hunt CL
49,196,Chilvers MI,Hunt CL
101,196,Giesler LJ,Hunt CL
196,198,Hunt CL,Halvorson J
196,199,Hunt CL,Hooker DC
50,196,Kleczewski NM,Hunt CL
51,196,Malvick DK,Hunt CL
196,200,Hunt CL,Markell SG
196,201,Hunt CL,Potter B
196,202,Hunt CL,Pedersen W
56,196,Smith DL,Hunt CL
79,196,Tenuta A,Hunt CL
196,203,Hunt CL,Telenko DEP
34,196,Wise KA,Hunt CL
53,196,Mueller DS,Hunt CL
48,197,Ames KA,Arneson N
31,48,Bradley CA,Ames KA
48,70,Ames KA,Byamukama E
45,48,Byrne AM,Ames KA
48,49,Ames KA,Chilvers MI
48,101,Ames KA,Giesler LJ
48,198,Ames KA,Halvorson J
48,199,Ames KA,Hooker DC
48,50,Ames KA,Kleczewski NM
48,51,Ames KA,Malvick DK
48,200,Ames KA,Markell SG
48,201,Ames KA,Potter B
48,202,Ames KA,Pedersen W
48,56,Ames KA,Smith DL
48,79,Ames KA,Tenuta A
48,203,Ames KA,Telenko DEP
34,48,Wise KA,Ames KA
48,53,Ames KA,Mueller DS
31,197,Bradley CA,Arneson N
70,197,Byamukama E,Arneson N
45,197,Byrne AM,Arneson N
49,197,Chilvers MI,Arneson N
101,197,Giesler LJ,Arneson N
197,198,Arneson N,Halvorson J
197,199,Arneson N,Hooker DC
50,197,Kleczewski NM,Arneson N
51,197,Malvick DK,Arneson N
197,200,Arneson N,Markell SG
197,201,Arneson N,Potter B
197,202,Arneson N,Pedersen W
56,197,Smith DL,Arneson N
79,197,Tenuta A,Arneson N
197,203,Arneson N,Telenko DEP
34,197,Wise KA,Arneson N
53,197,Mueller DS,Arneson N
31,70,Bradley CA,Byamukama E
31,45,Bradley CA,Byrne AM
31,49,Bradley CA,Chilvers MI
31,101,Bradley CA,Giesler LJ
31,198,Bradley CA,Halvorson J
31,199,Bradley CA,Hooker DC
31,50,Bradley CA,Kleczewski NM
31,51,Bradley CA,Malvick DK
31,200,Bradley CA,Markell SG
31,201,Bradley CA,Potter B
31,202,Bradley CA,Pedersen W
31,56,Bradley CA,Smith DL
31,79,Bradley CA,Tenuta A
31,203,Bradley CA,Telenko DEP
31,34,Bradley CA,Wise KA
31,53,Bradley CA,Mueller DS
45,70,Byrne AM,Byamukama E
49,70,Chilvers MI,Byamukama E
70,101,Byamukama E,Giesler LJ
70,198,Byamukama E,Halvorson J
70,199,Byamukama E,Hooker DC
50,70,Kleczewski NM,Byamukama E
51,70,Malvick DK,Byamukama E
70,200,Byamukama E,Markell SG
70,201,Byamukama E,Potter B
70,202,Byamukama E,Pedersen W
56,70,Smith DL,Byamukama E
70,79,Byamukama E,Tenuta A
70,203,Byamukama E,Telenko DEP
34,70,Wise KA,Byamukama E
53,70,Mueller DS,Byamukama E
45,49,Byrne AM,Chilvers MI
45,101,Byrne AM,Giesler LJ
45,198,Byrne AM,Halvorson J
45,199,Byrne AM,Hooker DC
45,50,Byrne AM,Kleczewski NM
45,51,Byrne AM,Malvick DK
45,200,Byrne AM,Markell SG
45,201,Byrne AM,Potter B
45,202,Byrne AM,Pedersen W
45,56,Byrne AM,Smith DL
45,79,Byrne AM,Tenuta A
45,203,Byrne AM,Telenko DEP
34,45,Wise KA,Byrne AM
45,53,Byrne AM,Mueller DS
49,101,Chilvers MI,Giesler LJ
49,198,Chilvers MI,Halvorson J
49,199,Chilvers MI,Hooker DC
49,50,Chilvers MI,Kleczewski NM
49,51,Chilvers MI,Malvick DK
49,200,Chilvers MI,Markell SG
49,201,Chilvers MI,Potter B
49,202,Chilvers MI,Pedersen W
49,56,Chilvers MI,Smith DL
49,79,Chilvers MI,Tenuta A
49,203,Chilvers MI,Telenko DEP
34,49,Wise KA,Chilvers MI
49,53,Chilvers MI,Mueller DS
101,198,Giesler LJ,Halvorson J
101,199,Giesler LJ,Hooker DC
50,101,Kleczewski NM,Giesler LJ
51,101,Malvick DK,Giesler LJ
101,200,Giesler LJ,Markell SG
101,201,Giesler LJ,Potter B
101,202,Giesler LJ,Pedersen W
56,101,Smith DL,Giesler LJ
79,101,Tenuta A,Giesler LJ
101,203,Giesler LJ,Telenko DEP
34,101,Wise KA,Giesler LJ
53,101,Mueller DS,Giesler LJ
198,199,Halvorson J,Hooker DC
50,198,Kleczewski NM,Halvorson J
51,198,Malvick DK,Halvorson J
198,200,Halvorson J,Markell SG
198,201,Halvorson J,Potter B
198,202,Halvorson J,Pedersen W
56,198,Smith DL,Halvorson J
79,198,Tenuta A,Halvorson J
198,203,Halvorson J,Telenko DEP
34,198,Wise KA,Halvorson J
53,198,Mueller DS,Halvorson J
50,199,Kleczewski NM,Hooker DC
51,199,Malvick DK,Hooker DC
199,200,Hooker DC,Markell SG
199,201,Hooker DC,Potter B
199,202,Hooker DC,Pedersen W
56,199,Smith DL,Hooker DC
79,199,Tenuta A,Hooker DC
199,203,Hooker DC,Telenko DEP
34,199,Wise KA,Hooker DC
53,199,Mueller DS,Hooker DC
50,51,Kleczewski NM,Malvick DK
50,200,Kleczewski NM,Markell SG
50,201,Kleczewski NM,Potter B
50,202,Kleczewski NM,Pedersen W
50,56,Kleczewski NM,Smith DL
50,79,Kleczewski NM,Tenuta A
50,203,Kleczewski NM,Telenko DEP
34,50,Wise KA,Kleczewski NM
50,53,Kleczewski NM,Mueller DS
51,200,Malvick DK,Markell SG
51,201,Malvick DK,Potter B
51,202,Malvick DK,Pedersen W
51,56,Malvick DK,Smith DL
51,79,Malvick DK,Tenuta A
51,203,Malvick DK,Telenko DEP
34,51,Wise KA,Malvick DK
51,53,Malvick DK,Mueller DS
200,201,Markell SG,Potter B
200,202,Markell SG,Pedersen W
56,200,Smith DL,Markell SG
79,200,Tenuta A,Markell SG
200,203,Markell SG,Telenko DEP
34,200,Wise KA,Markell SG
53,200,Mueller DS,Markell SG
201,202,Potter B,Pedersen W
56,201,Smith DL,Potter B
79,201,Tenuta A,Potter B
201,203,Potter B,Telenko DEP
34,201,Wise KA,Potter B
53,201,Mueller DS,Potter B
56,202,Smith DL,Pedersen W
79,202,Tenuta A,Pedersen W
202,203,Pedersen W,Telenko DEP
34,202,Wise KA,Pedersen W
53,202,Mueller DS,Pedersen W
56,79,Smith DL,Tenuta A
56,203,Smith DL,Telenko DEP
34,56,Wise KA,Smith DL
53,56,Mueller DS,Smith DL
79,203,Tenuta A,Telenko DEP
34,79,Wise KA,Tenuta A
53,79,Mueller DS,Tenuta A
34,203,Wise KA,Telenko DEP
53,203,Mueller DS,Telenko DEP
34,53,Wise KA,Mueller DS
5,62,Santana FM,Barro JP
4,62,Machado FJ,Barro JP
62,204,Barro JP,Duffeck MR
6,62,Lau D,Barro JP
62,205,Barro JP,Sbalcheiro CC
62,206,Barro JP,Schipanski C
62,207,Barro JP,Chagas DF
62,65,Barro JP,Venancio WS
62,208,Barro JP,Dallagnol LJ
62,209,Barro JP,Guterres CW
62,210,Barro JP,Kuhnem P
62,211,Barro JP,Feksa HR
7,62,Del Ponte EM,Barro JP
4,5,Machado FJ,Santana FM
5,204,Santana FM,Duffeck MR
5,6,Santana FM,Lau D
5,205,Santana FM,Sbalcheiro CC
5,206,Santana FM,Schipanski C
5,207,Santana FM,Chagas DF
5,65,Santana FM,Venancio WS
5,208,Santana FM,Dallagnol LJ
5,209,Santana FM,Guterres CW
5,210,Santana FM,Kuhnem P
5,211,Santana FM,Feksa HR
5,7,Santana FM,Del Ponte EM
4,204,Machado FJ,Duffeck MR
4,6,Machado FJ,Lau D
4,205,Machado FJ,Sbalcheiro CC
4,206,Machado FJ,Schipanski C
4,207,Machado FJ,Chagas DF
4,65,Machado FJ,Venancio WS
4,208,Machado FJ,Dallagnol LJ
4,209,Machado FJ,Guterres CW
4,210,Machado FJ,Kuhnem P
4,211,Machado FJ,Feksa HR
4,7,Machado FJ,Del Ponte EM
6,204,Lau D,Duffeck MR
204,205,Duffeck MR,Sbalcheiro CC
204,206,Duffeck MR,Schipanski C
204,207,Duffeck MR,Chagas DF
65,204,Venancio WS,Duffeck MR
204,208,Duffeck MR,Dallagnol LJ
204,209,Duffeck MR,Guterres CW
204,210,Duffeck MR,Kuhnem P
204,211,Duffeck MR,Feksa HR
7,204,Del Ponte EM,Duffeck MR
6,205,Lau D,Sbalcheiro CC
6,206,Lau D,Schipanski C
6,207,Lau D,Chagas DF
6,65,Lau D,Venancio WS
6,208,Lau D,Dallagnol LJ
6,209,Lau D,Guterres CW
6,210,Lau D,Kuhnem P
6,211,Lau D,Feksa HR
6,7,Lau D,Del Ponte EM
205,206,Sbalcheiro CC,Schipanski C
205,207,Sbalcheiro CC,Chagas DF
65,205,Venancio WS,Sbalcheiro CC
205,208,Sbalcheiro CC,Dallagnol LJ
205,209,Sbalcheiro CC,Guterres CW
205,210,Sbalcheiro CC,Kuhnem P
205,211,Sbalcheiro CC,Feksa HR
7,205,Del Ponte EM,Sbalcheiro CC
206,207,Schipanski C,Chagas DF
65,206,Venancio WS,Schipanski C
206,208,Schipanski C,Dallagnol LJ
206,209,Schipanski C,Guterres CW
206,210,Schipanski C,Kuhnem P
206,211,Schipanski C,Feksa HR
7,206,Del Ponte EM,Schipanski C
65,207,Venancio WS,Chagas DF
207,208,Chagas DF,Dallagnol LJ
207,209,Chagas DF,Guterres CW
207,210,Chagas DF,Kuhnem P
207,211,Chagas DF,Feksa HR
7,207,Del Ponte EM,Chagas DF
65,208,Venancio WS,Dallagnol LJ
65,209,Venancio WS,Guterres CW
65,210,Venancio WS,Kuhnem P
65,211,Venancio WS,Feksa HR
7,65,Del Ponte EM,Venancio WS
208,209,Dallagnol LJ,Guterres CW
208,210,Dallagnol LJ,Kuhnem P
208,211,Dallagnol LJ,Feksa HR
7,208,Del Ponte EM,Dallagnol LJ
209,210,Guterres CW,Kuhnem P
209,211,Guterres CW,Feksa HR
7,209,Del Ponte EM,Guterres CW
210,211,Kuhnem P,Feksa HR
7,210,Del Ponte EM,Kuhnem P
7,211,Del Ponte EM,Feksa HR
91,212,Makowski D,Lázaro E
212,213,Lázaro E,Martínez-Minaya J
161,212,Vicent A,Lázaro E
91,213,Makowski D,Martínez-Minaya J
91,161,Makowski D,Vicent A
161,213,Vicent A,Martínez-Minaya J
1,214,Madden LV,Bucker MW
1,215,Madden LV,Hughes G
1,216,Madden LV,Xu X
214,215,Bucker MW,Hughes G
214,216,Bucker MW,Xu X
215,216,Hughes G,Xu X
21,217,Canteri MG,Oliveira GM
217,218,Oliveira GM,Saab OJGA
21,218,Canteri MG,Saab OJGA
21,219,Canteri MG,Fantin LH
219,220,Fantin LH,da Silva AL
219,221,Fantin LH,Tupich FLB
1,219,Madden LV,Fantin LH
21,220,Canteri MG,da Silva AL
21,221,Canteri MG,Tupich FLB
1,21,Madden LV,Canteri MG
220,221,da Silva AL,Tupich FLB
1,220,Madden LV,da Silva AL
1,221,Madden LV,Tupich FLB
219,222,Fantin LH,Calvo NS
21,222,Canteri MG,Calvo NS
222,223,Calvo NS,Sumida CH
21,219,Canteri MG,Fantin LH
219,223,Fantin LH,Sumida CH
21,223,Canteri MG,Sumida CH
21,221,Canteri MG,Tupich FLB
221,224,Tupich FLB,Tsukahara RY
220,221,da Silva AL,Tupich FLB
219,221,Fantin LH,Tupich FLB
21,224,Canteri MG,Tsukahara RY
21,220,Canteri MG,da Silva AL
21,219,Canteri MG,Fantin LH
220,224,da Silva AL,Tsukahara RY
219,224,Fantin LH,Tsukahara RY
219,220,Fantin LH,da Silva AL
219,221,Fantin LH,Tupich FLB
220,221,da Silva AL,Tupich FLB
21,221,Canteri MG,Tupich FLB
219,220,Fantin LH,da Silva AL
21,219,Canteri MG,Fantin LH
21,220,Canteri MG,da Silva AL
62,225,Barro JP,Alves KS
9,62,Godoy CV,Barro JP
62,63,Barro JP,Dias AR
13,62,Forcelini CA,Barro JP
10,62,Utiamada CM,Barro JP
62,226,Barro JP,Junior ERA
17,62,Juliatti FC,Barro JP
62,227,Barro JP,Grigolli FJ
62,211,Barro JP,Feksa HR
18,62,Campos HD,Barro JP
62,228,Barro JP,Chaves ICPV
62,229,Barro JP,Araujo IP
62,230,Barro JP,Roy JMT
19,62,Nunes J,Barro JP
62,143,Barro JP,Belufi LMR
20,62,Carneiro LC,Barro JP
62,231,Barro JP,Silva LHCP
21,62,Canteri MG,Barro JP
62,232,Barro JP,Goussain MM
62,233,Barro JP,Senger M
23,62,Meyer MC,Barro JP
62,234,Barro JP,Dias MD
62,235,Barro JP,Muller MA
24,62,Martins MC,Barro JP
62,236,Barro JP,Debortoli MP
62,237,Barro JP,Tormen NR
26,62,Furlan SH,Barro JP
62,238,Barro JP,Konageski TF
27,62,Carlin VJ,Barro JP
62,65,Barro JP,Venancio WS
9,225,Godoy CV,Alves KS
63,225,Dias AR,Alves KS
13,225,Forcelini CA,Alves KS
10,225,Utiamada CM,Alves KS
225,226,Alves KS,Junior ERA
17,225,Juliatti FC,Alves KS
225,227,Alves KS,Grigolli FJ
211,225,Feksa HR,Alves KS
18,225,Campos HD,Alves KS
225,228,Alves KS,Chaves ICPV
225,229,Alves KS,Araujo IP
225,230,Alves KS,Roy JMT
19,225,Nunes J,Alves KS
143,225,Belufi LMR,Alves KS
20,225,Carneiro LC,Alves KS
225,231,Alves KS,Silva LHCP
21,225,Canteri MG,Alves KS
225,232,Alves KS,Goussain MM
225,233,Alves KS,Senger M
23,225,Meyer MC,Alves KS
225,234,Alves KS,Dias MD
225,235,Alves KS,Muller MA
24,225,Martins MC,Alves KS
225,236,Alves KS,Debortoli MP
225,237,Alves KS,Tormen NR
26,225,Furlan SH,Alves KS
225,238,Alves KS,Konageski TF
27,225,Carlin VJ,Alves KS
65,225,Venancio WS,Alves KS
9,63,Godoy CV,Dias AR
9,13,Godoy CV,Forcelini CA
9,10,Godoy CV,Utiamada CM
9,226,Godoy CV,Junior ERA
9,17,Godoy CV,Juliatti FC
9,227,Godoy CV,Grigolli FJ
9,211,Godoy CV,Feksa HR
9,18,Godoy CV,Campos HD
9,228,Godoy CV,Chaves ICPV
9,229,Godoy CV,Araujo IP
9,230,Godoy CV,Roy JMT
9,19,Godoy CV,Nunes J
9,143,Godoy CV,Belufi LMR
9,20,Godoy CV,Carneiro LC
9,231,Godoy CV,Silva LHCP
9,21,Godoy CV,Canteri MG
9,232,Godoy CV,Goussain MM
9,233,Godoy CV,Senger M
9,23,Godoy CV,Meyer MC
9,234,Godoy CV,Dias MD
9,235,Godoy CV,Muller MA
9,24,Godoy CV,Martins MC
9,236,Godoy CV,Debortoli MP
9,237,Godoy CV,Tormen NR
9,26,Godoy CV,Furlan SH
9,238,Godoy CV,Konageski TF
9,27,Godoy CV,Carlin VJ
9,65,Godoy CV,Venancio WS
13,63,Forcelini CA,Dias AR
10,63,Utiamada CM,Dias AR
63,226,Dias AR,Junior ERA
17,63,Juliatti FC,Dias AR
63,227,Dias AR,Grigolli FJ
63,211,Dias AR,Feksa HR
18,63,Campos HD,Dias AR
63,228,Dias AR,Chaves ICPV
63,229,Dias AR,Araujo IP
63,230,Dias AR,Roy JMT
19,63,Nunes J,Dias AR
63,143,Dias AR,Belufi LMR
20,63,Carneiro LC,Dias AR
63,231,Dias AR,Silva LHCP
21,63,Canteri MG,Dias AR
63,232,Dias AR,Goussain MM
63,233,Dias AR,Senger M
23,63,Meyer MC,Dias AR
63,234,Dias AR,Dias MD
63,235,Dias AR,Muller MA
24,63,Martins MC,Dias AR
63,236,Dias AR,Debortoli MP
63,237,Dias AR,Tormen NR
26,63,Furlan SH,Dias AR
63,238,Dias AR,Konageski TF
27,63,Carlin VJ,Dias AR
63,65,Dias AR,Venancio WS
10,13,Utiamada CM,Forcelini CA
13,226,Forcelini CA,Junior ERA
13,17,Forcelini CA,Juliatti FC
13,227,Forcelini CA,Grigolli FJ
13,211,Forcelini CA,Feksa HR
13,18,Forcelini CA,Campos HD
13,228,Forcelini CA,Chaves ICPV
13,229,Forcelini CA,Araujo IP
13,230,Forcelini CA,Roy JMT
13,19,Forcelini CA,Nunes J
13,143,Forcelini CA,Belufi LMR
13,20,Forcelini CA,Carneiro LC
13,231,Forcelini CA,Silva LHCP
13,21,Forcelini CA,Canteri MG
13,232,Forcelini CA,Goussain MM
13,233,Forcelini CA,Senger M
13,23,Forcelini CA,Meyer MC
13,234,Forcelini CA,Dias MD
13,235,Forcelini CA,Muller MA
13,24,Forcelini CA,Martins MC
13,236,Forcelini CA,Debortoli MP
13,237,Forcelini CA,Tormen NR
13,26,Forcelini CA,Furlan SH
13,238,Forcelini CA,Konageski TF
13,27,Forcelini CA,Carlin VJ
13,65,Forcelini CA,Venancio WS
10,226,Utiamada CM,Junior ERA
10,17,Utiamada CM,Juliatti FC
10,227,Utiamada CM,Grigolli FJ
10,211,Utiamada CM,Feksa HR
10,18,Utiamada CM,Campos HD
10,228,Utiamada CM,Chaves ICPV
10,229,Utiamada CM,Araujo IP
10,230,Utiamada CM,Roy JMT
10,19,Utiamada CM,Nunes J
10,143,Utiamada CM,Belufi LMR
10,20,Utiamada CM,Carneiro LC
10,231,Utiamada CM,Silva LHCP
10,21,Utiamada CM,Canteri MG
10,232,Utiamada CM,Goussain MM
10,233,Utiamada CM,Senger M
10,23,Utiamada CM,Meyer MC
10,234,Utiamada CM,Dias MD
10,235,Utiamada CM,Muller MA
10,24,Utiamada CM,Martins MC
10,236,Utiamada CM,Debortoli MP
10,237,Utiamada CM,Tormen NR
10,26,Utiamada CM,Furlan SH
10,238,Utiamada CM,Konageski TF
10,27,Utiamada CM,Carlin VJ
10,65,Utiamada CM,Venancio WS
17,226,Juliatti FC,Junior ERA
226,227,Junior ERA,Grigolli FJ
211,226,Feksa HR,Junior ERA
18,226,Campos HD,Junior ERA
226,228,Junior ERA,Chaves ICPV
226,229,Junior ERA,Araujo IP
226,230,Junior ERA,Roy JMT
19,226,Nunes J,Junior ERA
143,226,Belufi LMR,Junior ERA
20,226,Carneiro LC,Junior ERA
226,231,Junior ERA,Silva LHCP
21,226,Canteri MG,Junior ERA
226,232,Junior ERA,Goussain MM
226,233,Junior ERA,Senger M
23,226,Meyer MC,Junior ERA
226,234,Junior ERA,Dias MD
226,235,Junior ERA,Muller MA
24,226,Martins MC,Junior ERA
226,236,Junior ERA,Debortoli MP
226,237,Junior ERA,Tormen NR
26,226,Furlan SH,Junior ERA
226,238,Junior ERA,Konageski TF
27,226,Carlin VJ,Junior ERA
65,226,Venancio WS,Junior ERA
17,227,Juliatti FC,Grigolli FJ
17,211,Juliatti FC,Feksa HR
17,18,Juliatti FC,Campos HD
17,228,Juliatti FC,Chaves ICPV
17,229,Juliatti FC,Araujo IP
17,230,Juliatti FC,Roy JMT
17,19,Juliatti FC,Nunes J
17,143,Juliatti FC,Belufi LMR
17,20,Juliatti FC,Carneiro LC
17,231,Juliatti FC,Silva LHCP
17,21,Juliatti FC,Canteri MG
17,232,Juliatti FC,Goussain MM
17,233,Juliatti FC,Senger M
17,23,Juliatti FC,Meyer MC
17,234,Juliatti FC,Dias MD
17,235,Juliatti FC,Muller MA
17,24,Juliatti FC,Martins MC
17,236,Juliatti FC,Debortoli MP
17,237,Juliatti FC,Tormen NR
17,26,Juliatti FC,Furlan SH
17,238,Juliatti FC,Konageski TF
17,27,Juliatti FC,Carlin VJ
17,65,Juliatti FC,Venancio WS
211,227,Feksa HR,Grigolli FJ
18,227,Campos HD,Grigolli FJ
227,228,Grigolli FJ,Chaves ICPV
227,229,Grigolli FJ,Araujo IP
227,230,Grigolli FJ,Roy JMT
19,227,Nunes J,Grigolli FJ
143,227,Belufi LMR,Grigolli FJ
20,227,Carneiro LC,Grigolli FJ
227,231,Grigolli FJ,Silva LHCP
21,227,Canteri MG,Grigolli FJ
227,232,Grigolli FJ,Goussain MM
227,233,Grigolli FJ,Senger M
23,227,Meyer MC,Grigolli FJ
227,234,Grigolli FJ,Dias MD
227,235,Grigolli FJ,Muller MA
24,227,Martins MC,Grigolli FJ
227,236,Grigolli FJ,Debortoli MP
227,237,Grigolli FJ,Tormen NR
26,227,Furlan SH,Grigolli FJ
227,238,Grigolli FJ,Konageski TF
27,227,Carlin VJ,Grigolli FJ
65,227,Venancio WS,Grigolli FJ
18,211,Campos HD,Feksa HR
211,228,Feksa HR,Chaves ICPV
211,229,Feksa HR,Araujo IP
211,230,Feksa HR,Roy JMT
19,211,Nunes J,Feksa HR
143,211,Belufi LMR,Feksa HR
20,211,Carneiro LC,Feksa HR
211,231,Feksa HR,Silva LHCP
21,211,Canteri MG,Feksa HR
211,232,Feksa HR,Goussain MM
211,233,Feksa HR,Senger M
23,211,Meyer MC,Feksa HR
211,234,Feksa HR,Dias MD
211,235,Feksa HR,Muller MA
24,211,Martins MC,Feksa HR
211,236,Feksa HR,Debortoli MP
211,237,Feksa HR,Tormen NR
26,211,Furlan SH,Feksa HR
211,238,Feksa HR,Konageski TF
27,211,Carlin VJ,Feksa HR
65,211,Venancio WS,Feksa HR
18,228,Campos HD,Chaves ICPV
18,229,Campos HD,Araujo IP
18,230,Campos HD,Roy JMT
18,19,Campos HD,Nunes J
18,143,Campos HD,Belufi LMR
18,20,Campos HD,Carneiro LC
18,231,Campos HD,Silva LHCP
18,21,Campos HD,Canteri MG
18,232,Campos HD,Goussain MM
18,233,Campos HD,Senger M
18,23,Campos HD,Meyer MC
18,234,Campos HD,Dias MD
18,235,Campos HD,Muller MA
18,24,Campos HD,Martins MC
18,236,Campos HD,Debortoli MP
18,237,Campos HD,Tormen NR
18,26,Campos HD,Furlan SH
18,238,Campos HD,Konageski TF
18,27,Campos HD,Carlin VJ
18,65,Campos HD,Venancio WS
228,229,Chaves ICPV,Araujo IP
228,230,Chaves ICPV,Roy JMT
19,228,Nunes J,Chaves ICPV
143,228,Belufi LMR,Chaves ICPV
20,228,Carneiro LC,Chaves ICPV
228,231,Chaves ICPV,Silva LHCP
21,228,Canteri MG,Chaves ICPV
228,232,Chaves ICPV,Goussain MM
228,233,Chaves ICPV,Senger M
23,228,Meyer MC,Chaves ICPV
228,234,Chaves ICPV,Dias MD
228,235,Chaves ICPV,Muller MA
24,228,Martins MC,Chaves ICPV
228,236,Chaves ICPV,Debortoli MP
228,237,Chaves ICPV,Tormen NR
26,228,Furlan SH,Chaves ICPV
228,238,Chaves ICPV,Konageski TF
27,228,Carlin VJ,Chaves ICPV
65,228,Venancio WS,Chaves ICPV
229,230,Araujo IP,Roy JMT
19,229,Nunes J,Araujo IP
143,229,Belufi LMR,Araujo IP
20,229,Carneiro LC,Araujo IP
229,231,Araujo IP,Silva LHCP
21,229,Canteri MG,Araujo IP
229,232,Araujo IP,Goussain MM
229,233,Araujo IP,Senger M
23,229,Meyer MC,Araujo IP
229,234,Araujo IP,Dias MD
229,235,Araujo IP,Muller MA
24,229,Martins MC,Araujo IP
229,236,Araujo IP,Debortoli MP
229,237,Araujo IP,Tormen NR
26,229,Furlan SH,Araujo IP
229,238,Araujo IP,Konageski TF
27,229,Carlin VJ,Araujo IP
65,229,Venancio WS,Araujo IP
19,230,Nunes J,Roy JMT
143,230,Belufi LMR,Roy JMT
20,230,Carneiro LC,Roy JMT
230,231,Roy JMT,Silva LHCP
21,230,Canteri MG,Roy JMT
230,232,Roy JMT,Goussain MM
230,233,Roy JMT,Senger M
23,230,Meyer MC,Roy JMT
230,234,Roy JMT,Dias MD
230,235,Roy JMT,Muller MA
24,230,Martins MC,Roy JMT
230,236,Roy JMT,Debortoli MP
230,237,Roy JMT,Tormen NR
26,230,Furlan SH,Roy JMT
230,238,Roy JMT,Konageski TF
27,230,Carlin VJ,Roy JMT
65,230,Venancio WS,Roy JMT
19,143,Nunes J,Belufi LMR
19,20,Nunes J,Carneiro LC
19,231,Nunes J,Silva LHCP
19,21,Nunes J,Canteri MG
19,232,Nunes J,Goussain MM
19,233,Nunes J,Senger M
19,23,Nunes J,Meyer MC
19,234,Nunes J,Dias MD
19,235,Nunes J,Muller MA
19,24,Nunes J,Martins MC
19,236,Nunes J,Debortoli MP
19,237,Nunes J,Tormen NR
19,26,Nunes J,Furlan SH
19,238,Nunes J,Konageski TF
19,27,Nunes J,Carlin VJ
19,65,Nunes J,Venancio WS
20,143,Carneiro LC,Belufi LMR
143,231,Belufi LMR,Silva LHCP
21,143,Canteri MG,Belufi LMR
143,232,Belufi LMR,Goussain MM
143,233,Belufi LMR,Senger M
23,143,Meyer MC,Belufi LMR
143,234,Belufi LMR,Dias MD
143,235,Belufi LMR,Muller MA
24,143,Martins MC,Belufi LMR
143,236,Belufi LMR,Debortoli MP
143,237,Belufi LMR,Tormen NR
26,143,Furlan SH,Belufi LMR
143,238,Belufi LMR,Konageski TF
27,143,Carlin VJ,Belufi LMR
65,143,Venancio WS,Belufi LMR
20,231,Carneiro LC,Silva LHCP
20,21,Carneiro LC,Canteri MG
20,232,Carneiro LC,Goussain MM
20,233,Carneiro LC,Senger M
20,23,Carneiro LC,Meyer MC
20,234,Carneiro LC,Dias MD
20,235,Carneiro LC,Muller MA
20,24,Carneiro LC,Martins MC
20,236,Carneiro LC,Debortoli MP
20,237,Carneiro LC,Tormen NR
20,26,Carneiro LC,Furlan SH
20,238,Carneiro LC,Konageski TF
20,27,Carneiro LC,Carlin VJ
20,65,Carneiro LC,Venancio WS
21,231,Canteri MG,Silva LHCP
231,232,Silva LHCP,Goussain MM
231,233,Silva LHCP,Senger M
23,231,Meyer MC,Silva LHCP
231,234,Silva LHCP,Dias MD
231,235,Silva LHCP,Muller MA
24,231,Martins MC,Silva LHCP
231,236,Silva LHCP,Debortoli MP
231,237,Silva LHCP,Tormen NR
26,231,Furlan SH,Silva LHCP
231,238,Silva LHCP,Konageski TF
27,231,Carlin VJ,Silva LHCP
65,231,Venancio WS,Silva LHCP
21,232,Canteri MG,Goussain MM
21,233,Canteri MG,Senger M
21,23,Canteri MG,Meyer MC
21,234,Canteri MG,Dias MD
21,235,Canteri MG,Muller MA
21,24,Canteri MG,Martins MC
21,236,Canteri MG,Debortoli MP
21,237,Canteri MG,Tormen NR
21,26,Canteri MG,Furlan SH
21,238,Canteri MG,Konageski TF
21,27,Canteri MG,Carlin VJ
21,65,Canteri MG,Venancio WS
232,233,Goussain MM,Senger M
23,232,Meyer MC,Goussain MM
232,234,Goussain MM,Dias MD
232,235,Goussain MM,Muller MA
24,232,Martins MC,Goussain MM
232,236,Goussain MM,Debortoli MP
232,237,Goussain MM,Tormen NR
26,232,Furlan SH,Goussain MM
232,238,Goussain MM,Konageski TF
27,232,Carlin VJ,Goussain MM
65,232,Venancio WS,Goussain MM
23,233,Meyer MC,Senger M
233,234,Senger M,Dias MD
233,235,Senger M,Muller MA
24,233,Martins MC,Senger M
233,236,Senger M,Debortoli MP
233,237,Senger M,Tormen NR
26,233,Furlan SH,Senger M
233,238,Senger M,Konageski TF
27,233,Carlin VJ,Senger M
65,233,Venancio WS,Senger M
23,234,Meyer MC,Dias MD
23,235,Meyer MC,Muller MA
23,24,Meyer MC,Martins MC
23,236,Meyer MC,Debortoli MP
23,237,Meyer MC,Tormen NR
23,26,Meyer MC,Furlan SH
23,238,Meyer MC,Konageski TF
23,27,Meyer MC,Carlin VJ
23,65,Meyer MC,Venancio WS
234,235,Dias MD,Muller MA
24,234,Martins MC,Dias MD
234,236,Dias MD,Debortoli MP
234,237,Dias MD,Tormen NR
26,234,Furlan SH,Dias MD
234,238,Dias MD,Konageski TF
27,234,Carlin VJ,Dias MD
65,234,Venancio WS,Dias MD
24,235,Martins MC,Muller MA
235,236,Muller MA,Debortoli MP
235,237,Muller MA,Tormen NR
26,235,Furlan SH,Muller MA
235,238,Muller MA,Konageski TF
27,235,Carlin VJ,Muller MA
65,235,Venancio WS,Muller MA
24,236,Martins MC,Debortoli MP
24,237,Martins MC,Tormen NR
24,26,Martins MC,Furlan SH
24,238,Martins MC,Konageski TF
24,27,Martins MC,Carlin VJ
24,65,Martins MC,Venancio WS
236,237,Debortoli MP,Tormen NR
26,236,Furlan SH,Debortoli MP
236,238,Debortoli MP,Konageski TF
27,236,Carlin VJ,Debortoli MP
65,236,Venancio WS,Debortoli MP
26,237,Furlan SH,Tormen NR
237,238,Tormen NR,Konageski TF
27,237,Carlin VJ,Tormen NR
65,237,Venancio WS,Tormen NR
26,238,Furlan SH,Konageski TF
26,27,Furlan SH,Carlin VJ
26,65,Furlan SH,Venancio WS
27,238,Carlin VJ,Konageski TF
65,238,Venancio WS,Konageski TF
27,65,Carlin VJ,Venancio WS
62,239,Barro JP,Ascari JP
5,239,Santana FM,Ascari JP
239,240,Ascari JP,Padua JMV
239,241,Ascari JP,Maciel JLN
6,239,Lau D,Ascari JP
239,242,Ascari JP,Torres GAM
205,239,Sbalcheiro CC,Ascari JP
239,243,Ascari JP,Seixas CDS
239,244,Ascari JP,Goulart ACP
239,245,Ascari JP,Sussel AAB
239,246,Ascari JP,Schipanski CA
207,239,Chagas DF,Ascari JP
239,247,Ascari JP,Coelho MAO
239,248,Ascari JP,Montecelli TDN
239,249,Ascari JP,Amaral DR
239,250,Ascari JP,Custodio AAP
239,251,Ascari JP,Moreira LSO
10,239,Utiamada CM,Ascari JP
65,239,Venancio WS,Ascari JP
239,252,Ascari JP,Goussain RCS
225,239,Alves KS,Ascari JP
7,239,Del Ponte EM,Ascari JP
5,62,Santana FM,Barro JP
62,240,Barro JP,Padua JMV
62,241,Barro JP,Maciel JLN
6,62,Lau D,Barro JP
62,242,Barro JP,Torres GAM
62,205,Barro JP,Sbalcheiro CC
62,243,Barro JP,Seixas CDS
62,244,Barro JP,Goulart ACP
62,245,Barro JP,Sussel AAB
62,246,Barro JP,Schipanski CA
62,207,Barro JP,Chagas DF
62,247,Barro JP,Coelho MAO
62,248,Barro JP,Montecelli TDN
62,249,Barro JP,Amaral DR
62,250,Barro JP,Custodio AAP
62,251,Barro JP,Moreira LSO
10,62,Utiamada CM,Barro JP
62,65,Barro JP,Venancio WS
62,252,Barro JP,Goussain RCS
62,225,Barro JP,Alves KS
7,62,Del Ponte EM,Barro JP
5,240,Santana FM,Padua JMV
5,241,Santana FM,Maciel JLN
5,6,Santana FM,Lau D
5,242,Santana FM,Torres GAM
5,205,Santana FM,Sbalcheiro CC
5,243,Santana FM,Seixas CDS
5,244,Santana FM,Goulart ACP
5,245,Santana FM,Sussel AAB
5,246,Santana FM,Schipanski CA
5,207,Santana FM,Chagas DF
5,247,Santana FM,Coelho MAO
5,248,Santana FM,Montecelli TDN
5,249,Santana FM,Amaral DR
5,250,Santana FM,Custodio AAP
5,251,Santana FM,Moreira LSO
5,10,Santana FM,Utiamada CM
5,65,Santana FM,Venancio WS
5,252,Santana FM,Goussain RCS
5,225,Santana FM,Alves KS
5,7,Santana FM,Del Ponte EM
240,241,Padua JMV,Maciel JLN
6,240,Lau D,Padua JMV
240,242,Padua JMV,Torres GAM
205,240,Sbalcheiro CC,Padua JMV
240,243,Padua JMV,Seixas CDS
240,244,Padua JMV,Goulart ACP
240,245,Padua JMV,Sussel AAB
240,246,Padua JMV,Schipanski CA
207,240,Chagas DF,Padua JMV
240,247,Padua JMV,Coelho MAO
240,248,Padua JMV,Montecelli TDN
240,249,Padua JMV,Amaral DR
240,250,Padua JMV,Custodio AAP
240,251,Padua JMV,Moreira LSO
10,240,Utiamada CM,Padua JMV
65,240,Venancio WS,Padua JMV
240,252,Padua JMV,Goussain RCS
225,240,Alves KS,Padua JMV
7,240,Del Ponte EM,Padua JMV
6,241,Lau D,Maciel JLN
241,242,Maciel JLN,Torres GAM
205,241,Sbalcheiro CC,Maciel JLN
241,243,Maciel JLN,Seixas CDS
241,244,Maciel JLN,Goulart ACP
241,245,Maciel JLN,Sussel AAB
241,246,Maciel JLN,Schipanski CA
207,241,Chagas DF,Maciel JLN
241,247,Maciel JLN,Coelho MAO
241,248,Maciel JLN,Montecelli TDN
241,249,Maciel JLN,Amaral DR
241,250,Maciel JLN,Custodio AAP
241,251,Maciel JLN,Moreira LSO
10,241,Utiamada CM,Maciel JLN
65,241,Venancio WS,Maciel JLN
241,252,Maciel JLN,Goussain RCS
225,241,Alves KS,Maciel JLN
7,241,Del Ponte EM,Maciel JLN
6,242,Lau D,Torres GAM
6,205,Lau D,Sbalcheiro CC
6,243,Lau D,Seixas CDS
6,244,Lau D,Goulart ACP
6,245,Lau D,Sussel AAB
6,246,Lau D,Schipanski CA
6,207,Lau D,Chagas DF
6,247,Lau D,Coelho MAO
6,248,Lau D,Montecelli TDN
6,249,Lau D,Amaral DR
6,250,Lau D,Custodio AAP
6,251,Lau D,Moreira LSO
6,10,Lau D,Utiamada CM
6,65,Lau D,Venancio WS
6,252,Lau D,Goussain RCS
6,225,Lau D,Alves KS
6,7,Lau D,Del Ponte EM
205,242,Sbalcheiro CC,Torres GAM
242,243,Torres GAM,Seixas CDS
242,244,Torres GAM,Goulart ACP
242,245,Torres GAM,Sussel AAB
242,246,Torres GAM,Schipanski CA
207,242,Chagas DF,Torres GAM
242,247,Torres GAM,Coelho MAO
242,248,Torres GAM,Montecelli TDN
242,249,Torres GAM,Amaral DR
242,250,Torres GAM,Custodio AAP
242,251,Torres GAM,Moreira LSO
10,242,Utiamada CM,Torres GAM
65,242,Venancio WS,Torres GAM
242,252,Torres GAM,Goussain RCS
225,242,Alves KS,Torres GAM
7,242,Del Ponte EM,Torres GAM
205,243,Sbalcheiro CC,Seixas CDS
205,244,Sbalcheiro CC,Goulart ACP
205,245,Sbalcheiro CC,Sussel AAB
205,246,Sbalcheiro CC,Schipanski CA
205,207,Sbalcheiro CC,Chagas DF
205,247,Sbalcheiro CC,Coelho MAO
205,248,Sbalcheiro CC,Montecelli TDN
205,249,Sbalcheiro CC,Amaral DR
205,250,Sbalcheiro CC,Custodio AAP
205,251,Sbalcheiro CC,Moreira LSO
10,205,Utiamada CM,Sbalcheiro CC
65,205,Venancio WS,Sbalcheiro CC
205,252,Sbalcheiro CC,Goussain RCS
205,225,Sbalcheiro CC,Alves KS
7,205,Del Ponte EM,Sbalcheiro CC
243,244,Seixas CDS,Goulart ACP
243,245,Seixas CDS,Sussel AAB
243,246,Seixas CDS,Schipanski CA
207,243,Chagas DF,Seixas CDS
243,247,Seixas CDS,Coelho MAO
243,248,Seixas CDS,Montecelli TDN
243,249,Seixas CDS,Amaral DR
243,250,Seixas CDS,Custodio AAP
243,251,Seixas CDS,Moreira LSO
10,243,Utiamada CM,Seixas CDS
65,243,Venancio WS,Seixas CDS
243,252,Seixas CDS,Goussain RCS
225,243,Alves KS,Seixas CDS
7,243,Del Ponte EM,Seixas CDS
244,245,Goulart ACP,Sussel AAB
244,246,Goulart ACP,Schipanski CA
207,244,Chagas DF,Goulart ACP
244,247,Goulart ACP,Coelho MAO
244,248,Goulart ACP,Montecelli TDN
244,249,Goulart ACP,Amaral DR
244,250,Goulart ACP,Custodio AAP
244,251,Goulart ACP,Moreira LSO
10,244,Utiamada CM,Goulart ACP
65,244,Venancio WS,Goulart ACP
244,252,Goulart ACP,Goussain RCS
225,244,Alves KS,Goulart ACP
7,244,Del Ponte EM,Goulart ACP
245,246,Sussel AAB,Schipanski CA
207,245,Chagas DF,Sussel AAB
245,247,Sussel AAB,Coelho MAO
245,248,Sussel AAB,Montecelli TDN
245,249,Sussel AAB,Amaral DR
245,250,Sussel AAB,Custodio AAP
245,251,Sussel AAB,Moreira LSO
10,245,Utiamada CM,Sussel AAB
65,245,Venancio WS,Sussel AAB
245,252,Sussel AAB,Goussain RCS
225,245,Alves KS,Sussel AAB
7,245,Del Ponte EM,Sussel AAB
207,246,Chagas DF,Schipanski CA
246,247,Schipanski CA,Coelho MAO
246,248,Schipanski CA,Montecelli TDN
246,249,Schipanski CA,Amaral DR
246,250,Schipanski CA,Custodio AAP
246,251,Schipanski CA,Moreira LSO
10,246,Utiamada CM,Schipanski CA
65,246,Venancio WS,Schipanski CA
246,252,Schipanski CA,Goussain RCS
225,246,Alves KS,Schipanski CA
7,246,Del Ponte EM,Schipanski CA
207,247,Chagas DF,Coelho MAO
207,248,Chagas DF,Montecelli TDN
207,249,Chagas DF,Amaral DR
207,250,Chagas DF,Custodio AAP
207,251,Chagas DF,Moreira LSO
10,207,Utiamada CM,Chagas DF
65,207,Venancio WS,Chagas DF
207,252,Chagas DF,Goussain RCS
207,225,Chagas DF,Alves KS
7,207,Del Ponte EM,Chagas DF
247,248,Coelho MAO,Montecelli TDN
247,249,Coelho MAO,Amaral DR
247,250,Coelho MAO,Custodio AAP
247,251,Coelho MAO,Moreira LSO
10,247,Utiamada CM,Coelho MAO
65,247,Venancio WS,Coelho MAO
247,252,Coelho MAO,Goussain RCS
225,247,Alves KS,Coelho MAO
7,247,Del Ponte EM,Coelho MAO
248,249,Montecelli TDN,Amaral DR
248,250,Montecelli TDN,Custodio AAP
248,251,Montecelli TDN,Moreira LSO
10,248,Utiamada CM,Montecelli TDN
65,248,Venancio WS,Montecelli TDN
248,252,Montecelli TDN,Goussain RCS
225,248,Alves KS,Montecelli TDN
7,248,Del Ponte EM,Montecelli TDN
249,250,Amaral DR,Custodio AAP
249,251,Amaral DR,Moreira LSO
10,249,Utiamada CM,Amaral DR
65,249,Venancio WS,Amaral DR
249,252,Amaral DR,Goussain RCS
225,249,Alves KS,Amaral DR
7,249,Del Ponte EM,Amaral DR
250,251,Custodio AAP,Moreira LSO
10,250,Utiamada CM,Custodio AAP
65,250,Venancio WS,Custodio AAP
250,252,Custodio AAP,Goussain RCS
225,250,Alves KS,Custodio AAP
7,250,Del Ponte EM,Custodio AAP
10,251,Utiamada CM,Moreira LSO
65,251,Venancio WS,Moreira LSO
251,252,Moreira LSO,Goussain RCS
225,251,Alves KS,Moreira LSO
7,251,Del Ponte EM,Moreira LSO
10,65,Utiamada CM,Venancio WS
10,252,Utiamada CM,Goussain RCS
10,225,Utiamada CM,Alves KS
7,10,Del Ponte EM,Utiamada CM
65,252,Venancio WS,Goussain RCS
65,225,Venancio WS,Alves KS
7,65,Del Ponte EM,Venancio WS
225,252,Alves KS,Goussain RCS
7,252,Del Ponte EM,Goussain RCS
7,225,Del Ponte EM,Alves KS
253,254,Peiris PUS,Li Y
253,255,Peiris PUS,Brown P
253,256,Peiris PUS,Xu C
254,255,Li Y,Brown P
254,256,Li Y,Xu C
255,256,Brown P,Xu C
257,258,Morris EK,Fletcher R
184,257,Veresoglou SD,Morris EK
184,258,Veresoglou SD,Fletcher R
7,259,Del Ponte EM,Melloy P
259,260,Melloy P,Sparks AHH
7,260,Del Ponte EM,Sparks AHH
4,62,Machado FJ,Barro JP
4,9,Machado FJ,Godoy CV
4,63,Machado FJ,Dias AR
4,13,Machado FJ,Forcelini CA
4,10,Machado FJ,Utiamada CM
4,226,Machado FJ,Junior ERA
4,17,Machado FJ,Juliatti FC
4,142,Machado FJ,Grigolli JFJ
4,18,Machado FJ,Campos HD
4,229,Machado FJ,Araujo IP
4,230,Machado FJ,Roy JMT
4,19,Machado FJ,Nunes J
4,231,Machado FJ,Silva LHCP
4,21,Machado FJ,Canteri MG
4,233,Machado FJ,Senger M
4,235,Machado FJ,Muller MA
4,24,Machado FJ,Martins MC
4,236,Machado FJ,Debortoli MP
4,26,Machado FJ,Furlan SH
4,261,Machado FJ,Madalosso T
4,27,Machado FJ,Carlin VJ
4,65,Machado FJ,Venancio WS
4,7,Machado FJ,Del Ponte EM
9,62,Godoy CV,Barro JP
62,63,Barro JP,Dias AR
13,62,Forcelini CA,Barro JP
10,62,Utiamada CM,Barro JP
62,226,Barro JP,Junior ERA
17,62,Juliatti FC,Barro JP
62,142,Barro JP,Grigolli JFJ
18,62,Campos HD,Barro JP
62,229,Barro JP,Araujo IP
62,230,Barro JP,Roy JMT
19,62,Nunes J,Barro JP
62,231,Barro JP,Silva LHCP
21,62,Canteri MG,Barro JP
62,233,Barro JP,Senger M
62,235,Barro JP,Muller MA
24,62,Martins MC,Barro JP
62,236,Barro JP,Debortoli MP
26,62,Furlan SH,Barro JP
62,261,Barro JP,Madalosso T
27,62,Carlin VJ,Barro JP
62,65,Barro JP,Venancio WS
7,62,Del Ponte EM,Barro JP
9,63,Godoy CV,Dias AR
9,13,Godoy CV,Forcelini CA
9,10,Godoy CV,Utiamada CM
9,226,Godoy CV,Junior ERA
9,17,Godoy CV,Juliatti FC
9,142,Godoy CV,Grigolli JFJ
9,18,Godoy CV,Campos HD
9,229,Godoy CV,Araujo IP
9,230,Godoy CV,Roy JMT
9,19,Godoy CV,Nunes J
9,231,Godoy CV,Silva LHCP
9,21,Godoy CV,Canteri MG
9,233,Godoy CV,Senger M
9,235,Godoy CV,Muller MA
9,24,Godoy CV,Martins MC
9,236,Godoy CV,Debortoli MP
9,26,Godoy CV,Furlan SH
9,261,Godoy CV,Madalosso T
9,27,Godoy CV,Carlin VJ
9,65,Godoy CV,Venancio WS
7,9,Del Ponte EM,Godoy CV
13,63,Forcelini CA,Dias AR
10,63,Utiamada CM,Dias AR
63,226,Dias AR,Junior ERA
17,63,Juliatti FC,Dias AR
63,142,Dias AR,Grigolli JFJ
18,63,Campos HD,Dias AR
63,229,Dias AR,Araujo IP
63,230,Dias AR,Roy JMT
19,63,Nunes J,Dias AR
63,231,Dias AR,Silva LHCP
21,63,Canteri MG,Dias AR
63,233,Dias AR,Senger M
63,235,Dias AR,Muller MA
24,63,Martins MC,Dias AR
63,236,Dias AR,Debortoli MP
26,63,Furlan SH,Dias AR
63,261,Dias AR,Madalosso T
27,63,Carlin VJ,Dias AR
63,65,Dias AR,Venancio WS
7,63,Del Ponte EM,Dias AR
10,13,Utiamada CM,Forcelini CA
13,226,Forcelini CA,Junior ERA
13,17,Forcelini CA,Juliatti FC
13,142,Forcelini CA,Grigolli JFJ
13,18,Forcelini CA,Campos HD
13,229,Forcelini CA,Araujo IP
13,230,Forcelini CA,Roy JMT
13,19,Forcelini CA,Nunes J
13,231,Forcelini CA,Silva LHCP
13,21,Forcelini CA,Canteri MG
13,233,Forcelini CA,Senger M
13,235,Forcelini CA,Muller MA
13,24,Forcelini CA,Martins MC
13,236,Forcelini CA,Debortoli MP
13,26,Forcelini CA,Furlan SH
13,261,Forcelini CA,Madalosso T
13,27,Forcelini CA,Carlin VJ
13,65,Forcelini CA,Venancio WS
7,13,Del Ponte EM,Forcelini CA
10,226,Utiamada CM,Junior ERA
10,17,Utiamada CM,Juliatti FC
10,142,Utiamada CM,Grigolli JFJ
10,18,Utiamada CM,Campos HD
10,229,Utiamada CM,Araujo IP
10,230,Utiamada CM,Roy JMT
10,19,Utiamada CM,Nunes J
10,231,Utiamada CM,Silva LHCP
10,21,Utiamada CM,Canteri MG
10,233,Utiamada CM,Senger M
10,235,Utiamada CM,Muller MA
10,24,Utiamada CM,Martins MC
10,236,Utiamada CM,Debortoli MP
10,26,Utiamada CM,Furlan SH
10,261,Utiamada CM,Madalosso T
10,27,Utiamada CM,Carlin VJ
10,65,Utiamada CM,Venancio WS
7,10,Del Ponte EM,Utiamada CM
17,226,Juliatti FC,Junior ERA
142,226,Grigolli JFJ,Junior ERA
18,226,Campos HD,Junior ERA
226,229,Junior ERA,Araujo IP
226,230,Junior ERA,Roy JMT
19,226,Nunes J,Junior ERA
226,231,Junior ERA,Silva LHCP
21,226,Canteri MG,Junior ERA
226,233,Junior ERA,Senger M
226,235,Junior ERA,Muller MA
24,226,Martins MC,Junior ERA
226,236,Junior ERA,Debortoli MP
26,226,Furlan SH,Junior ERA
226,261,Junior ERA,Madalosso T
27,226,Carlin VJ,Junior ERA
65,226,Venancio WS,Junior ERA
7,226,Del Ponte EM,Junior ERA
17,142,Juliatti FC,Grigolli JFJ
17,18,Juliatti FC,Campos HD
17,229,Juliatti FC,Araujo IP
17,230,Juliatti FC,Roy JMT
17,19,Juliatti FC,Nunes J
17,231,Juliatti FC,Silva LHCP
17,21,Juliatti FC,Canteri MG
17,233,Juliatti FC,Senger M
17,235,Juliatti FC,Muller MA
17,24,Juliatti FC,Martins MC
17,236,Juliatti FC,Debortoli MP
17,26,Juliatti FC,Furlan SH
17,261,Juliatti FC,Madalosso T
17,27,Juliatti FC,Carlin VJ
17,65,Juliatti FC,Venancio WS
7,17,Del Ponte EM,Juliatti FC
18,142,Campos HD,Grigolli JFJ
142,229,Grigolli JFJ,Araujo IP
142,230,Grigolli JFJ,Roy JMT
19,142,Nunes J,Grigolli JFJ
142,231,Grigolli JFJ,Silva LHCP
21,142,Canteri MG,Grigolli JFJ
142,233,Grigolli JFJ,Senger M
142,235,Grigolli JFJ,Muller MA
24,142,Martins MC,Grigolli JFJ
142,236,Grigolli JFJ,Debortoli MP
26,142,Furlan SH,Grigolli JFJ
142,261,Grigolli JFJ,Madalosso T
27,142,Carlin VJ,Grigolli JFJ
65,142,Venancio WS,Grigolli JFJ
7,142,Del Ponte EM,Grigolli JFJ
18,229,Campos HD,Araujo IP
18,230,Campos HD,Roy JMT
18,19,Campos HD,Nunes J
18,231,Campos HD,Silva LHCP
18,21,Campos HD,Canteri MG
18,233,Campos HD,Senger M
18,235,Campos HD,Muller MA
18,24,Campos HD,Martins MC
18,236,Campos HD,Debortoli MP
18,26,Campos HD,Furlan SH
18,261,Campos HD,Madalosso T
18,27,Campos HD,Carlin VJ
18,65,Campos HD,Venancio WS
7,18,Del Ponte EM,Campos HD
229,230,Araujo IP,Roy JMT
19,229,Nunes J,Araujo IP
229,231,Araujo IP,Silva LHCP
21,229,Canteri MG,Araujo IP
229,233,Araujo IP,Senger M
229,235,Araujo IP,Muller MA
24,229,Martins MC,Araujo IP
229,236,Araujo IP,Debortoli MP
26,229,Furlan SH,Araujo IP
229,261,Araujo IP,Madalosso T
27,229,Carlin VJ,Araujo IP
65,229,Venancio WS,Araujo IP
7,229,Del Ponte EM,Araujo IP
19,230,Nunes J,Roy JMT
230,231,Roy JMT,Silva LHCP
21,230,Canteri MG,Roy JMT
230,233,Roy JMT,Senger M
230,235,Roy JMT,Muller MA
24,230,Martins MC,Roy JMT
230,236,Roy JMT,Debortoli MP
26,230,Furlan SH,Roy JMT
230,261,Roy JMT,Madalosso T
27,230,Carlin VJ,Roy JMT
65,230,Venancio WS,Roy JMT
7,230,Del Ponte EM,Roy JMT
19,231,Nunes J,Silva LHCP
19,21,Nunes J,Canteri MG
19,233,Nunes J,Senger M
19,235,Nunes J,Muller MA
19,24,Nunes J,Martins MC
19,236,Nunes J,Debortoli MP
19,26,Nunes J,Furlan SH
19,261,Nunes J,Madalosso T
19,27,Nunes J,Carlin VJ
19,65,Nunes J,Venancio WS
7,19,Del Ponte EM,Nunes J
21,231,Canteri MG,Silva LHCP
231,233,Silva LHCP,Senger M
231,235,Silva LHCP,Muller MA
24,231,Martins MC,Silva LHCP
231,236,Silva LHCP,Debortoli MP
26,231,Furlan SH,Silva LHCP
231,261,Silva LHCP,Madalosso T
27,231,Carlin VJ,Silva LHCP
65,231,Venancio WS,Silva LHCP
7,231,Del Ponte EM,Silva LHCP
21,233,Canteri MG,Senger M
21,235,Canteri MG,Muller MA
21,24,Canteri MG,Martins MC
21,236,Canteri MG,Debortoli MP
21,26,Canteri MG,Furlan SH
21,261,Canteri MG,Madalosso T
21,27,Canteri MG,Carlin VJ
21,65,Canteri MG,Venancio WS
7,21,Del Ponte EM,Canteri MG
233,235,Senger M,Muller MA
24,233,Martins MC,Senger M
233,236,Senger M,Debortoli MP
26,233,Furlan SH,Senger M
233,261,Senger M,Madalosso T
27,233,Carlin VJ,Senger M
65,233,Venancio WS,Senger M
7,233,Del Ponte EM,Senger M
24,235,Martins MC,Muller MA
235,236,Muller MA,Debortoli MP
26,235,Furlan SH,Muller MA
235,261,Muller MA,Madalosso T
27,235,Carlin VJ,Muller MA
65,235,Venancio WS,Muller MA
7,235,Del Ponte EM,Muller MA
24,236,Martins MC,Debortoli MP
24,26,Martins MC,Furlan SH
24,261,Martins MC,Madalosso T
24,27,Martins MC,Carlin VJ
24,65,Martins MC,Venancio WS
7,24,Del Ponte EM,Martins MC
26,236,Furlan SH,Debortoli MP
236,261,Debortoli MP,Madalosso T
27,236,Carlin VJ,Debortoli MP
65,236,Venancio WS,Debortoli MP
7,236,Del Ponte EM,Debortoli MP
26,261,Furlan SH,Madalosso T
26,27,Furlan SH,Carlin VJ
26,65,Furlan SH,Venancio WS
7,26,Del Ponte EM,Furlan SH
27,261,Carlin VJ,Madalosso T
65,261,Venancio WS,Madalosso T
7,261,Del Ponte EM,Madalosso T
27,65,Carlin VJ,Venancio WS
7,27,Del Ponte EM,Carlin VJ
7,65,Del Ponte EM,Venancio WS
91,262,Makowski D,Lazaro E
161,262,Vicent A,Lazaro E
91,161,Makowski D,Vicent A
68,263,Kandel YR,Faske TR
69,263,Allen TW,Faske TR
263,264,Faske TR,Grabau ZJ
263,265,Faske TR,Hu J
263,266,Faske TR,Kemerait RC
263,267,Faske TR,Lawrence GW
263,268,Faske TR,Lawrence KS
106,263,Mehl HL,Faske TR
263,269,Faske TR,Overstreet C
263,270,Faske TR,Thiessen LD
263,271,Faske TR,Wheeler T
68,69,Kandel YR,Allen TW
68,264,Kandel YR,Grabau ZJ
68,265,Kandel YR,Hu J
68,266,Kandel YR,Kemerait RC
68,267,Kandel YR,Lawrence GW
68,268,Kandel YR,Lawrence KS
68,106,Kandel YR,Mehl HL
68,269,Kandel YR,Overstreet C
68,270,Kandel YR,Thiessen LD
68,271,Kandel YR,Wheeler T
69,264,Allen TW,Grabau ZJ
69,265,Allen TW,Hu J
69,266,Allen TW,Kemerait RC
69,267,Allen TW,Lawrence GW
69,268,Allen TW,Lawrence KS
69,106,Allen TW,Mehl HL
69,269,Allen TW,Overstreet C
69,270,Allen TW,Thiessen LD
69,271,Allen TW,Wheeler T
264,265,Grabau ZJ,Hu J
264,266,Grabau ZJ,Kemerait RC
264,267,Grabau ZJ,Lawrence GW
264,268,Grabau ZJ,Lawrence KS
106,264,Mehl HL,Grabau ZJ
264,269,Grabau ZJ,Overstreet C
264,270,Grabau ZJ,Thiessen LD
264,271,Grabau ZJ,Wheeler T
265,266,Hu J,Kemerait RC
265,267,Hu J,Lawrence GW
265,268,Hu J,Lawrence KS
106,265,Mehl HL,Hu J
265,269,Hu J,Overstreet C
265,270,Hu J,Thiessen LD
265,271,Hu J,Wheeler T
266,267,Kemerait RC,Lawrence GW
266,268,Kemerait RC,Lawrence KS
106,266,Mehl HL,Kemerait RC
266,269,Kemerait RC,Overstreet C
266,270,Kemerait RC,Thiessen LD
266,271,Kemerait RC,Wheeler T
267,268,Lawrence GW,Lawrence KS
106,267,Mehl HL,Lawrence GW
267,269,Lawrence GW,Overstreet C
267,270,Lawrence GW,Thiessen LD
267,271,Lawrence GW,Wheeler T
106,268,Mehl HL,Lawrence KS
268,269,Lawrence KS,Overstreet C
268,270,Lawrence KS,Thiessen LD
268,271,Lawrence KS,Wheeler T
106,269,Mehl HL,Overstreet C
106,270,Mehl HL,Thiessen LD
106,271,Mehl HL,Wheeler T
269,270,Overstreet C,Thiessen LD
269,271,Overstreet C,Wheeler T
270,271,Thiessen LD,Wheeler T
272,273,Toporek SM,Keinath AP
274,275,Godebo AT,Wee NMJ
274,276,Godebo AT,Yost CK
274,277,Godebo AT,Walley FL
274,278,Godebo AT,Germida JJ
275,276,Wee NMJ,Yost CK
275,277,Wee NMJ,Walley FL
275,278,Wee NMJ,Germida JJ
276,277,Yost CK,Walley FL
276,278,Yost CK,Germida JJ
277,278,Walley FL,Germida JJ
279,280,Benedetti T,Huzar-Novakowiski J
279,281,Benedetti T,Sordi E
279,282,Benedetti T,Carvalho IR
279,283,Benedetti T,Bortoluzzi EC
280,281,Huzar-Novakowiski J,Sordi E
280,282,Huzar-Novakowiski J,Carvalho IR
280,283,Huzar-Novakowiski J,Bortoluzzi EC
281,282,Sordi E,Carvalho IR
281,283,Sordi E,Bortoluzzi EC
282,283,Carvalho IR,Bortoluzzi EC
284,285,Tahir HE,Arslan M
284,286,Tahir HE,Mahunu GK
284,287,Tahir HE,Hashim SBH
284,288,Tahir HE,Jiyong S
284,289,Tahir HE,Wen Z
284,290,Tahir HE,Xiaowei H
284,291,Tahir HE,Mariod AA
284,292,Tahir HE,Abdalla IIH
284,293,Tahir HE,Xiaobo Z
285,286,Arslan M,Mahunu GK
285,287,Arslan M,Hashim SBH
285,288,Arslan M,Jiyong S
285,289,Arslan M,Wen Z
285,290,Arslan M,Xiaowei H
285,291,Arslan M,Mariod AA
285,292,Arslan M,Abdalla IIH
285,293,Arslan M,Xiaobo Z
286,287,Mahunu GK,Hashim SBH
286,288,Mahunu GK,Jiyong S
286,289,Mahunu GK,Wen Z
286,290,Mahunu GK,Xiaowei H
286,291,Mahunu GK,Mariod AA
286,292,Mahunu GK,Abdalla IIH
286,293,Mahunu GK,Xiaobo Z
287,288,Hashim SBH,Jiyong S
287,289,Hashim SBH,Wen Z
287,290,Hashim SBH,Xiaowei H
287,291,Hashim SBH,Mariod AA
287,292,Hashim SBH,Abdalla IIH
287,293,Hashim SBH,Xiaobo Z
288,289,Jiyong S,Wen Z
288,290,Jiyong S,Xiaowei H
288,291,Jiyong S,Mariod AA
288,292,Jiyong S,Abdalla IIH
288,293,Jiyong S,Xiaobo Z
289,290,Wen Z,Xiaowei H
289,291,Wen Z,Mariod AA
289,292,Wen Z,Abdalla IIH
289,293,Wen Z,Xiaobo Z
290,291,Xiaowei H,Mariod AA
290,292,Xiaowei H,Abdalla IIH
290,293,Xiaowei H,Xiaobo Z
291,292,Mariod AA,Abdalla IIH
291,293,Mariod AA,Xiaobo Z
292,293,Abdalla IIH,Xiaobo Z
294,295,Naseri B,Younesi H
296,297,Risoli S,Cotrozzi L
296,298,Risoli S,Sarroco S
296,299,Risoli S,Nuzzaci M
296,300,Risoli S,Pellegrini E
296,301,Risoli S,Vitti A
297,298,Cotrozzi L,Sarroco S
297,299,Cotrozzi L,Nuzzaci M
297,300,Cotrozzi L,Pellegrini E
297,301,Cotrozzi L,Vitti A
298,299,Sarroco S,Nuzzaci M
298,300,Sarroco S,Pellegrini E
298,301,Sarroco S,Vitti A
299,300,Nuzzaci M,Pellegrini E
299,301,Nuzzaci M,Vitti A
300,301,Pellegrini E,Vitti A
132,195,Ojiambo PS,Copes W
302,303,Breunig M,Nagelkirk M
45,302,Byrne AM,Breunig M
302,304,Breunig M,Wilbur JF
302,305,Breunig M,Steinke K
49,302,Chilvers MI,Breunig M
45,303,Byrne AM,Nagelkirk M
303,304,Nagelkirk M,Wilbur JF
303,305,Nagelkirk M,Steinke K
49,303,Chilvers MI,Nagelkirk M
45,304,Byrne AM,Wilbur JF
45,305,Byrne AM,Steinke K
45,49,Byrne AM,Chilvers MI
304,305,Wilbur JF,Steinke K
49,304,Chilvers MI,Wilbur JF
49,305,Chilvers MI,Steinke K
306,307,Yang Y,Chen T
306,308,Yang Y,Xiao R
306,309,Yang Y,Chen X
306,310,Yang Y,Zhang T
307,308,Chen T,Xiao R
307,309,Chen T,Chen X
307,310,Chen T,Zhang T
308,309,Xiao R,Chen X
308,310,Xiao R,Zhang T
309,310,Chen X,Zhang T
132,195,Ojiambo PS,Copes W
311,312,Patil B,Sridhara S
311,313,Patil B,Narayanaswamy H
311,314,Patil B,Hegde V
311,315,Patil B,Mishra AK
312,313,Sridhara S,Narayanaswamy H
312,314,Sridhara S,Hegde V
312,315,Sridhara S,Mishra AK
313,314,Narayanaswamy H,Hegde V
313,315,Narayanaswamy H,Mishra AK
314,315,Hegde V,Mishra AK
316,317,Faria AF,Schulman P
23,316,Meyer MC,Faria AF
18,316,Campos HD,Faria AF
316,318,Faria AF,Magalhães VC
9,316,Godoy CV,Faria AF
316,319,Faria AF,Guimarães RA
11,316,da Silva LHCP,Faria AF
232,316,Goussain MM,Faria AF
24,316,Martins MC,Faria AF
19,316,Nunes J,Faria AF
65,316,Venancio WS,Faria AF
316,320,Faria AF,Fantin L
316,321,Faria AF,Brustolin R
316,322,Faria AF,Jaccoud DS
20,316,Carneiro LC,Faria AF
17,316,Juliatti FC,Faria AF
316,323,Faria AF,Medeiros FHV
23,317,Meyer MC,Schulman P
18,317,Campos HD,Schulman P
317,318,Schulman P,Magalhães VC
9,317,Godoy CV,Schulman P
317,319,Schulman P,Guimarães RA
11,317,da Silva LHCP,Schulman P
232,317,Goussain MM,Schulman P
24,317,Martins MC,Schulman P
19,317,Nunes J,Schulman P
65,317,Venancio WS,Schulman P
317,320,Schulman P,Fantin L
317,321,Schulman P,Brustolin R
317,322,Schulman P,Jaccoud DS
20,317,Carneiro LC,Schulman P
17,317,Juliatti FC,Schulman P
317,323,Schulman P,Medeiros FHV
18,23,Campos HD,Meyer MC
23,318,Meyer MC,Magalhães VC
9,23,Godoy CV,Meyer MC
23,319,Meyer MC,Guimarães RA
11,23,da Silva LHCP,Meyer MC
23,232,Meyer MC,Goussain MM
23,24,Meyer MC,Martins MC
19,23,Nunes J,Meyer MC
23,65,Meyer MC,Venancio WS
23,320,Meyer MC,Fantin L
23,321,Meyer MC,Brustolin R
23,322,Meyer MC,Jaccoud DS
20,23,Carneiro LC,Meyer MC
17,23,Juliatti FC,Meyer MC
23,323,Meyer MC,Medeiros FHV
18,318,Campos HD,Magalhães VC
9,18,Godoy CV,Campos HD
18,319,Campos HD,Guimarães RA
11,18,da Silva LHCP,Campos HD
18,232,Campos HD,Goussain MM
18,24,Campos HD,Martins MC
18,19,Campos HD,Nunes J
18,65,Campos HD,Venancio WS
18,320,Campos HD,Fantin L
18,321,Campos HD,Brustolin R
18,322,Campos HD,Jaccoud DS
18,20,Campos HD,Carneiro LC
17,18,Juliatti FC,Campos HD
18,323,Campos HD,Medeiros FHV
9,318,Godoy CV,Magalhães VC
318,319,Magalhães VC,Guimarães RA
11,318,da Silva LHCP,Magalhães VC
232,318,Goussain MM,Magalhães VC
24,318,Martins MC,Magalhães VC
19,318,Nunes J,Magalhães VC
65,318,Venancio WS,Magalhães VC
318,320,Magalhães VC,Fantin L
318,321,Magalhães VC,Brustolin R
318,322,Magalhães VC,Jaccoud DS
20,318,Carneiro LC,Magalhães VC
17,318,Juliatti FC,Magalhães VC
318,323,Magalhães VC,Medeiros FHV
9,319,Godoy CV,Guimarães RA
9,11,Godoy CV,da Silva LHCP
9,232,Godoy CV,Goussain MM
9,24,Godoy CV,Martins MC
9,19,Godoy CV,Nunes J
9,65,Godoy CV,Venancio WS
9,320,Godoy CV,Fantin L
9,321,Godoy CV,Brustolin R
9,322,Godoy CV,Jaccoud DS
9,20,Godoy CV,Carneiro LC
9,17,Godoy CV,Juliatti FC
9,323,Godoy CV,Medeiros FHV
11,319,da Silva LHCP,Guimarães RA
232,319,Goussain MM,Guimarães RA
24,319,Martins MC,Guimarães RA
19,319,Nunes J,Guimarães RA
65,319,Venancio WS,Guimarães RA
319,320,Guimarães RA,Fantin L
319,321,Guimarães RA,Brustolin R
319,322,Guimarães RA,Jaccoud DS
20,319,Carneiro LC,Guimarães RA
17,319,Juliatti FC,Guimarães RA
319,323,Guimarães RA,Medeiros FHV
11,232,da Silva LHCP,Goussain MM
11,24,da Silva LHCP,Martins MC
11,19,da Silva LHCP,Nunes J
11,65,da Silva LHCP,Venancio WS
11,320,da Silva LHCP,Fantin L
11,321,da Silva LHCP,Brustolin R
11,322,da Silva LHCP,Jaccoud DS
11,20,da Silva LHCP,Carneiro LC
11,17,da Silva LHCP,Juliatti FC
11,323,da Silva LHCP,Medeiros FHV
24,232,Martins MC,Goussain MM
19,232,Nunes J,Goussain MM
65,232,Venancio WS,Goussain MM
232,320,Goussain MM,Fantin L
232,321,Goussain MM,Brustolin R
232,322,Goussain MM,Jaccoud DS
20,232,Carneiro LC,Goussain MM
17,232,Juliatti FC,Goussain MM
232,323,Goussain MM,Medeiros FHV
19,24,Nunes J,Martins MC
24,65,Martins MC,Venancio WS
24,320,Martins MC,Fantin L
24,321,Martins MC,Brustolin R
24,322,Martins MC,Jaccoud DS
20,24,Carneiro LC,Martins MC
17,24,Juliatti FC,Martins MC
24,323,Martins MC,Medeiros FHV
19,65,Nunes J,Venancio WS
19,320,Nunes J,Fantin L
19,321,Nunes J,Brustolin R
19,322,Nunes J,Jaccoud DS
19,20,Nunes J,Carneiro LC
17,19,Juliatti FC,Nunes J
19,323,Nunes J,Medeiros FHV
65,320,Venancio WS,Fantin L
65,321,Venancio WS,Brustolin R
65,322,Venancio WS,Jaccoud DS
20,65,Carneiro LC,Venancio WS
17,65,Juliatti FC,Venancio WS
65,323,Venancio WS,Medeiros FHV
320,321,Fantin L,Brustolin R
320,322,Fantin L,Jaccoud DS
20,320,Carneiro LC,Fantin L
17,320,Juliatti FC,Fantin L
320,323,Fantin L,Medeiros FHV
321,322,Brustolin R,Jaccoud DS
20,321,Carneiro LC,Brustolin R
17,321,Juliatti FC,Brustolin R
321,323,Brustolin R,Medeiros FHV
20,322,Carneiro LC,Jaccoud DS
17,322,Juliatti FC,Jaccoud DS
322,323,Jaccoud DS,Medeiros FHV
17,20,Juliatti FC,Carneiro LC
20,323,Carneiro LC,Medeiros FHV
17,323,Juliatti FC,Medeiros FHV
324,325,Silva RM,Canellas LP
326,327,Lamichhane JR,Corrales DC
326,328,Lamichhane JR,Soltani E
327,328,Corrales DC,Soltani E
